arm,sequence,valid_frames,iou_sum,mean_iou,low_iou_frames,failure_episodes,invalid_gt_frames
category,bag05_indoor,587,460.8617094418512,0.7851136447050275,52,2,301
category,ball07_indoor,2179,964.8165323544857,0.4427795008510719,1122,10,339
category,ball19_indoor,1380,1162.9506870097905,0.8427178891375293,19,1,0
category,beautifullight01_indoor,910,504.9907805009465,0.5549349236274138,333,5,359
category,book06_indoor,1545,1249.0169636364467,0.8084252191821661,99,3,445
category,car01_indoor,1402,620.4785315597495,0.44256671295274574,741,2,139
category,car02_indoor,565,184.04471425899288,0.3257428570955626,366,2,187
category,colacan01_indoor,2801,896.471897123157,0.32005422960484003,1733,10,254
category,colacan04_indoor,567,275.9352651710326,0.48665831599829384,261,7,433
category,container01_indoor,621,574.7472231824763,0.9255188779105898,3,0,139
category,cup08_indoor,1321,1180.2576707657531,0.8934577371428866,1,0,129
category,cup10_indoor,2147,1817.2637963613909,0.84642002625123,84,2,48
category,cup13_indoor,1658,1353.836131424324,0.8165477270351774,25,1,103
category,egg_indoor,3433,2467.352649124328,0.7187161809275642,608,9,118
category,flower02_wild,467,291.5858982313702,0.6243809383969383,118,2,188
category,flower03_indoor,547,462.5020836090334,0.8455248329232786,0,0,196
category,flowerbasket_indoor,851,620.8458901215016,0.7295486370405424,152,2,149
category,ghostmask_indoor,1025,639.7360104265613,0.6241326930990841,313,4,139
category,glass03_indoor,570,508.7994024459631,0.8926305306069529,32,1,104
category,mobilephone01_indoor,1217,683.9181094583897,0.5619705090044287,435,6,200
category,mobilephone02_indoor,610,341.9841842115898,0.5606298101829341,208,1,90
category,notebook02_indoor,2494,1321.6674102158092,0.5299388172477182,989,5,151
category_empty,bag05_indoor,587,485.992161220083,0.8279253172403458,25,1,301
category_empty,ball07_indoor,2179,796.8161301712615,0.3656797293121898,1288,8,339
category_empty,ball19_indoor,1380,1155.8912274051568,0.8376023386993889,19,1,0
category_empty,beautifullight01_indoor,910,559.4832711270465,0.6148167814582928,270,4,359
category_empty,book06_indoor,1545,1013.7672081692652,0.6561600052875504,381,3,445
category_empty,car01_indoor,1402,547.1864382255281,0.39028989887698157,814,3,139
category_empty,car02_indoor,565,391.6098153367722,0.6931147174102164,143,2,187
category_empty,colacan01_indoor,2801,283.33593647718,0.10115527899935023,2464,10,254
category_empty,colacan04_indoor,567,156.80810544827293,0.2765575051997759,392,12,433
category_empty,container01_indoor,621,574.9543623699495,0.9258524353783406,4,0,139
category_empty,cup08_indoor,1321,1098.2726139509293,0.8313948629454423,103,1,129
category_empty,cup10_indoor,2147,1859.9395587554895,0.8662969533094967,77,1,48
category_empty,cup13_indoor,1658,1276.8300872565617,0.7701025858000975,111,3,103
category_empty,egg_indoor,3433,2522.4921413802276,0.7347777865948814,523,9,118
category_empty,flower02_wild,467,303.80563875152296,0.6505474063201776,100,2,188
category_empty,flower03_indoor,547,458.55314687342366,0.8383055701525113,0,0,196
category_empty,flowerbasket_indoor,851,648.4832839275659,0.7620250104906767,123,3,149
category_empty,ghostmask_indoor,1025,733.9882352702633,0.7160860831905008,193,3,139
category_empty,glass03_indoor,570,431.8285333006747,0.7575939180713591,111,3,104
category_empty,mobilephone01_indoor,1217,888.2215484229087,0.7298451507172626,207,5,200
category_empty,mobilephone02_indoor,610,519.2774090781404,0.8512744411117056,1,0,90
category_empty,notebook02_indoor,2494,2139.845474085696,0.8579973833543287,48,1,151
category_old,bag05_indoor,587,478.1526567344012,0.8145701136872252,33,1,301
category_old,ball07_indoor,2179,1691.2765818403702,0.7761709875357367,338,8,339
category_old,ball19_indoor,1380,1161.4273838394693,0.841614046260485,17,1,0
category_old,beautifullight01_indoor,910,319.6925386690276,0.3513104820538765,544,10,359
category_old,book06_indoor,1545,1247.479081160887,0.8074298259941016,101,3,445
category_old,car01_indoor,1402,620.4785315597495,0.44256671295274574,741,2,139
category_old,car02_indoor,565,184.04471425899288,0.3257428570955626,366,2,187
category_old,colacan01_indoor,2801,2126.8339595678144,0.7593123739977916,267,6,254
category_old,colacan04_indoor,567,456.96808730984964,0.805940189258994,59,1,433
category_old,container01_indoor,621,575.139143564565,0.9261499896369806,3,0,139
category_old,cup08_indoor,1321,1095.600658632287,0.8293721867012013,103,1,129
category_old,cup10_indoor,2147,1817.2637963613909,0.84642002625123,84,2,48
category_old,cup13_indoor,1658,691.5072261910635,0.41707311591740864,826,7,103
category_old,egg_indoor,3433,2518.5556456877594,0.7336311231248935,552,8,118
category_old,flower02_wild,467,291.9693805192136,0.6252020996128771,118,2,188
category_old,flower03_indoor,547,462.5020836090334,0.8455248329232786,0,0,196
category_old,flowerbasket_indoor,851,620.8458901215016,0.7295486370405424,152,2,149
category_old,ghostmask_indoor,1025,880.311554510209,0.8588405409855697,16,0,139
category_old,glass03_indoor,570,505.6622067017718,0.887126678424161,34,1,104
category_old,mobilephone01_indoor,1217,735.6069459366655,0.6044428479348114,385,5,200
category_old,mobilephone02_indoor,610,515.090663616754,0.8444109239618918,3,0,90
category_old,notebook02_indoor,2494,1321.6674102158092,0.5299388172477182,989,5,151
category_swapped,bag05_indoor,587,494.63189793846357,0.8426437784300913,11,0,301
category_swapped,ball07_indoor,2179,1677.2428988961158,0.7697305639725176,358,9,339
category_swapped,ball19_indoor,1380,1160.8485571887306,0.8411946066585004,19,1,0
category_swapped,beautifullight01_indoor,910,382.71676223319315,0.42056787058592654,473,8,359
category_swapped,book06_indoor,1545,1213.4130445571711,0.7853806113638648,149,3,445
category_swapped,car01_indoor,1402,528.4974738566864,0.3769596817808034,833,4,139
category_swapped,car02_indoor,565,512.3617369274253,0.9068349326149121,14,1,187
category_swapped,colacan01_indoor,2801,1360.139133096575,0.48559055090916636,1186,10,254
category_swapped,colacan04_indoor,567,333.18915131394317,0.5876351875025453,197,6,433
category_swapped,container01_indoor,621,575.318783444296,0.9264392648056295,3,0,139
category_swapped,cup08_indoor,1321,1095.600658632287,0.8293721867012013,103,1,129
category_swapped,cup10_indoor,2147,1855.613834062581,0.8642821770202985,86,2,48
category_swapped,cup13_indoor,1658,1337.6128898471402,0.80676290099345,51,2,103
category_swapped,egg_indoor,3433,2519.278222917529,0.7338416029471393,549,8,118
category_swapped,flower02_wild,467,295.6136863860248,0.6330057524326014,113,2,188
category_swapped,flower03_indoor,547,461.5245675479103,0.8437377834513899,0,0,196
category_swapped,flowerbasket_indoor,851,261.74390914603805,0.30757216115868163,558,3,149
category_swapped,ghostmask_indoor,1025,724.909571770428,0.7072288505077347,221,3,139
category_swapped,glass03_indoor,570,508.80201410824577,0.8926351124706066,30,1,104
category_swapped,mobilephone01_indoor,1217,921.3939407601764,0.757102662908937,171,3,200
category_swapped,mobilephone02_indoor,610,342.1883419480497,0.5609644949968028,208,1,90
category_swapped,notebook02_indoor,2494,1608.8314900579217,0.6450807899189742,668,5,151
native,bag05_indoor,587,485.992161220083,0.8279253172403458,25,1,301
native,ball07_indoor,2179,796.8161301712615,0.3656797293121898,1288,8,339
native,ball19_indoor,1380,1155.8912274051568,0.8376023386993889,19,1,0
native,beautifullight01_indoor,910,559.4832711270465,0.6148167814582928,270,4,359
native,book06_indoor,1545,1013.7672081692652,0.6561600052875504,381,3,445
native,car01_indoor,1402,547.1864382255281,0.39028989887698157,814,3,139
native,car02_indoor,565,391.6098153367722,0.6931147174102164,143,2,187
native,colacan01_indoor,2801,283.33593647718,0.10115527899935023,2464,10,254
native,colacan04_indoor,567,156.80810544827293,0.2765575051997759,392,12,433
native,container01_indoor,621,574.9543623699495,0.9258524353783406,4,0,139
native,cup08_indoor,1321,1098.2726139509293,0.8313948629454423,103,1,129
native,cup10_indoor,2147,1859.9395587554895,0.8662969533094967,77,1,48
native,cup13_indoor,1658,1276.8300872565617,0.7701025858000975,111,3,103
native,egg_indoor,3433,2522.4921413802276,0.7347777865948814,523,9,118
native,flower02_wild,467,303.80563875152296,0.6505474063201776,100,2,188
native,flower03_indoor,547,458.55314687342366,0.8383055701525113,0,0,196
native,flowerbasket_indoor,851,648.4832839275659,0.7620250104906767,123,3,149
native,ghostmask_indoor,1025,733.9882352702633,0.7160860831905008,193,3,139
native,glass03_indoor,570,431.8285333006747,0.7575939180713591,111,3,104
native,mobilephone01_indoor,1217,888.2215484229087,0.7298451507172626,207,5,200
native,mobilephone02_indoor,610,519.2774090781404,0.8512744411117056,1,0,90
native,notebook02_indoor,2494,2139.845474085696,0.8579973833543287,48,1,151
M84_protocol_control,bag05_indoor,587,454.5619483297007,0.7743815133385021,62,2,301
M84_protocol_control,ball07_indoor,2179,1683.369174167004,0.7725420716691161,358,9,339
M84_protocol_control,ball19_indoor,1380,1162.5533193993383,0.8424299415937234,18,1,0
M84_protocol_control,beautifullight01_indoor,910,620.9456366259858,0.6823578424461383,202,2,359
M84_protocol_control,book06_indoor,1545,1054.2032903944812,0.6823322267925445,317,3,445
M84_protocol_control,car01_indoor,1402,620.4051491320549,0.44251437170617325,741,2,139
M84_protocol_control,car02_indoor,565,184.19113895756408,0.3260020158540957,366,2,187
M84_protocol_control,colacan01_indoor,2801,1358.630224569907,0.4850518474008951,1186,10,254
M84_protocol_control,colacan04_indoor,567,233.44829750881192,0.41172539243176703,285,10,433
M84_protocol_control,container01_indoor,621,574.3212401666746,0.9248329149221812,3,0,139
M84_protocol_control,cup08_indoor,1321,1174.7555162315919,0.889292593665096,1,0,129
M84_protocol_control,cup10_indoor,2147,1857.66101152345,0.8652356830570331,39,1,48
M84_protocol_control,cup13_indoor,1658,1203.082527157677,0.7256227546186231,209,4,103
M84_protocol_control,egg_indoor,3433,2438.0552628469854,0.7101821330751487,639,9,118
M84_protocol_control,flower02_wild,467,290.8912803503582,0.6228935339408099,120,2,188
M84_protocol_control,flower03_indoor,547,461.98415155337716,0.8445779735893549,0,0,196
M84_protocol_control,flowerbasket_indoor,851,651.7161133094138,0.7658238699288059,120,2,149
M84_protocol_control,ghostmask_indoor,1025,837.4450806559348,0.8170195908838388,72,1,139
M84_protocol_control,glass03_indoor,570,504.2380373288228,0.8846281356646014,35,1,104
M84_protocol_control,mobilephone01_indoor,1217,644.6821619657994,0.5297306178847982,483,8,200
M84_protocol_control,mobilephone02_indoor,610,341.7741460127736,0.560285485266842,208,1,90
M84_protocol_control,notebook02_indoor,2494,2121.228991761607,0.8505328756060975,77,2,151
M82_historical,bag05_indoor,587,496.6737435947051,0.8461222207746254,12,0,301
M82_historical,ball07_indoor,2179,1770.340622883125,0.812455540561324,247,6,339
M82_historical,ball19_indoor,1380,1164.4003494755962,0.8437683691852146,17,1,0
M82_historical,beautifullight01_indoor,910,566.5015281126646,0.6225291517721588,263,4,359
M82_historical,book06_indoor,1545,1248.859366788312,0.8083232147497165,96,3,445
M82_historical,car01_indoor,1402,990.986731959857,0.7068378972609537,344,3,139
M82_historical,car02_indoor,565,511.8432161402849,0.9059171967084688,14,1,187
M82_historical,colacan01_indoor,2801,745.4499484259678,0.26613707548231624,1924,10,254
M82_historical,colacan04_indoor,567,142.27036664599513,0.250917754225741,409,12,433
M82_historical,container01_indoor,621,575.5211025971112,0.9267650605428521,3,0,139
M82_historical,cup08_indoor,1321,1173.5809286360914,0.8884034281878057,1,0,129
M82_historical,cup10_indoor,2147,1849.872537388228,0.8616080751691794,48,2,48
M82_historical,cup13_indoor,1658,1325.7665802059691,0.7996179615235037,61,2,103
M82_historical,egg_indoor,3433,2518.166257736374,0.7335176981463367,553,8,118
M82_historical,flower02_wild,467,293.70008370076596,0.6289081021429678,115,2,188
M82_historical,flower03_indoor,547,460.33707614364255,0.8415668668073903,1,0,196
M82_historical,flowerbasket_indoor,851,661.5054131534332,0.7773271599922834,108,2,149
M82_historical,ghostmask_indoor,1025,724.3324873038996,0.7066658412720972,221,3,139
M82_historical,glass03_indoor,570,505.8136736482883,0.8873924099092777,35,1,104
M82_historical,mobilephone01_indoor,1217,684.5571050238175,0.5624955669875247,435,6,200
M82_historical,mobilephone02_indoor,610,514.4286276972647,0.8433256191758437,4,0,90
M82_historical,notebook02_indoor,2494,2156.057573028341,0.8644978239889097,41,1,151
