anchor_key,sequence,anchor,direction,run_length,native_failed,M78_failed,native_progress,M78_progress
cup02_indoor_1@0F,cup02_indoor_1,0,forward,1753,True,True,455,452
cup02_indoor_1@50F,cup02_indoor_1,50,forward,1703,True,True,879,705
cup02_indoor_1@100F,cup02_indoor_1,100,forward,1653,True,True,816,321
cup02_indoor_1@150F,cup02_indoor_1,150,forward,1603,True,True,766,271
cup02_indoor_1@200F,cup02_indoor_1,200,forward,1553,True,True,716,220
cup02_indoor_1@250F,cup02_indoor_1,250,forward,1503,True,True,202,199
cup02_indoor_1@300F,cup02_indoor_1,300,forward,1453,True,True,616,616
cup02_indoor_1@350F,cup02_indoor_1,350,forward,1403,True,True,105,105
cup02_indoor_1@400F,cup02_indoor_1,400,forward,1353,True,True,146,517
cup02_indoor_1@450F,cup02_indoor_1,450,forward,1303,True,True,95,94
cup02_indoor_1@500F,cup02_indoor_1,500,forward,1253,True,True,416,416
cup02_indoor_1@550F,cup02_indoor_1,550,forward,1203,True,True,366,366
cup02_indoor_1@600F,cup02_indoor_1,600,forward,1153,True,True,316,316
cup02_indoor_1@650F,cup02_indoor_1,650,forward,1103,True,True,266,266
cup02_indoor_1@700F,cup02_indoor_1,700,forward,1053,True,True,216,216
cup02_indoor_1@750F,cup02_indoor_1,750,forward,1003,True,True,166,53
cup02_indoor_1@800F,cup02_indoor_1,800,forward,953,True,True,116,116
cup02_indoor_1@850F,cup02_indoor_1,850,forward,903,True,True,66,66
cup02_indoor_1@900B,cup02_indoor_1,900,backward,901,True,True,177,375
cup02_indoor_1@958B,cup02_indoor_1,958,backward,959,True,True,48,48
cup02_indoor_1@1006B,cup02_indoor_1,1006,backward,1007,True,True,60,60
cup02_indoor_1@1050B,cup02_indoor_1,1050,backward,1051,True,True,32,32
cup02_indoor_1@1100B,cup02_indoor_1,1100,backward,1101,True,True,82,81
cup02_indoor_1@1150B,cup02_indoor_1,1150,backward,1151,True,True,132,136
cup02_indoor_1@1200B,cup02_indoor_1,1200,backward,1201,True,True,181,181
cup02_indoor_1@1250B,cup02_indoor_1,1250,backward,1251,True,True,230,232
cup02_indoor_1@1300B,cup02_indoor_1,1300,backward,1301,True,True,288,291
cup02_indoor_1@1350B,cup02_indoor_1,1350,backward,1351,True,True,25,16
cup02_indoor_1@1400B,cup02_indoor_1,1400,backward,1401,True,True,79,79
cup02_indoor_1@1450B,cup02_indoor_1,1450,backward,1451,True,True,114,132
cup02_indoor_1@1500B,cup02_indoor_1,1500,backward,1501,True,True,179,179
cup02_indoor_1@1550B,cup02_indoor_1,1550,backward,1551,True,True,232,229
cup02_indoor_1@1600B,cup02_indoor_1,1600,backward,1601,True,True,279,105
cup02_indoor_1@1650B,cup02_indoor_1,1650,backward,1651,True,True,29,29
cup02_indoor_1@1700B,cup02_indoor_1,1700,backward,1701,True,True,36,35
cup02_indoor_1@1752B,cup02_indoor_1,1752,backward,1753,True,True,89,70
shoes02_indoor_1@0F,shoes02_indoor_1,0,forward,614,True,True,57,57
shoes02_indoor_1@50F,shoes02_indoor_1,50,forward,564,True,True,7,7
shoes02_indoor_1@100F,shoes02_indoor_1,100,forward,514,True,True,62,58
shoes02_indoor_1@150F,shoes02_indoor_1,150,forward,464,True,True,58,13
shoes02_indoor_1@200F,shoes02_indoor_1,200,forward,414,True,True,8,8
shoes02_indoor_1@250F,shoes02_indoor_1,250,forward,364,True,True,4,4
shoes02_indoor_1@300F,shoes02_indoor_1,300,forward,314,False,False,314,314
shoes02_indoor_1@350B,shoes02_indoor_1,350,backward,351,True,True,94,94
shoes02_indoor_1@400B,shoes02_indoor_1,400,backward,401,True,True,68,53
shoes02_indoor_1@450B,shoes02_indoor_1,450,backward,451,True,True,126,123
shoes02_indoor_1@500B,shoes02_indoor_1,500,backward,501,True,True,224,144
shoes02_indoor_1@550B,shoes02_indoor_1,550,backward,551,True,True,274,193
shoes02_indoor_1@613B,shoes02_indoor_1,613,backward,614,True,True,311,230
cube05_indoor_5@0F,cube05_indoor_5,0,forward,492,True,True,62,65
cube05_indoor_5@50F,cube05_indoor_5,50,forward,442,True,True,332,333
cube05_indoor_5@100F,cube05_indoor_5,100,forward,392,True,True,282,282
cube05_indoor_5@150F,cube05_indoor_5,150,forward,342,True,True,232,231
cube05_indoor_5@200F,cube05_indoor_5,200,forward,292,True,True,182,181
cube05_indoor_5@250B,cube05_indoor_5,250,backward,251,False,False,251,251
cube05_indoor_5@295B,cube05_indoor_5,295,backward,296,False,False,296,296
cube05_indoor_5@387B,cube05_indoor_5,387,backward,388,True,True,90,90
cube05_indoor_5@400B,cube05_indoor_5,400,backward,401,True,True,103,8
cube05_indoor_5@450B,cube05_indoor_5,450,backward,451,True,True,57,57
cube05_indoor_5@491B,cube05_indoor_5,491,backward,492,True,True,194,194
shoes02_indoor_2@0F,shoes02_indoor_2,0,forward,111,False,False,111,111
shoes02_indoor_2@50F,shoes02_indoor_2,50,forward,61,False,False,61,61
shoes02_indoor_2@100B,shoes02_indoor_2,100,backward,101,True,True,63,55
shoes02_indoor_2@110B,shoes02_indoor_2,110,backward,111,True,True,73,65
bandlight_indoor_1@0F,bandlight_indoor_1,0,forward,1185,False,True,1185,209
bandlight_indoor_1@50F,bandlight_indoor_1,50,forward,1135,False,False,1135,1135
bandlight_indoor_1@100F,bandlight_indoor_1,100,forward,1085,False,False,1085,1085
bandlight_indoor_1@150F,bandlight_indoor_1,150,forward,1035,False,False,1035,1035
bandlight_indoor_1@200F,bandlight_indoor_1,200,forward,985,False,False,985,985
bandlight_indoor_1@250F,bandlight_indoor_1,250,forward,935,False,False,935,935
bandlight_indoor_1@300F,bandlight_indoor_1,300,forward,885,False,False,885,885
bandlight_indoor_1@350F,bandlight_indoor_1,350,forward,835,False,False,835,835
bandlight_indoor_1@400F,bandlight_indoor_1,400,forward,785,False,False,785,785
bandlight_indoor_1@450F,bandlight_indoor_1,450,forward,735,False,False,735,735
bandlight_indoor_1@500F,bandlight_indoor_1,500,forward,685,True,True,432,260
bandlight_indoor_1@550F,bandlight_indoor_1,550,forward,635,False,False,635,635
bandlight_indoor_1@600B,bandlight_indoor_1,600,backward,601,False,False,601,601
bandlight_indoor_1@650B,bandlight_indoor_1,650,backward,651,False,False,651,651
bandlight_indoor_1@700B,bandlight_indoor_1,700,backward,701,False,False,701,701
bandlight_indoor_1@750B,bandlight_indoor_1,750,backward,751,False,False,751,751
bandlight_indoor_1@800B,bandlight_indoor_1,800,backward,801,False,True,801,35
bandlight_indoor_1@850B,bandlight_indoor_1,850,backward,851,True,True,77,79
bandlight_indoor_1@900B,bandlight_indoor_1,900,backward,901,True,False,132,901
bandlight_indoor_1@950B,bandlight_indoor_1,950,backward,951,False,False,951,951
bandlight_indoor_1@1000B,bandlight_indoor_1,1000,backward,1001,False,True,1001,341
bandlight_indoor_1@1050B,bandlight_indoor_1,1050,backward,1051,True,False,280,1051
bandlight_indoor_1@1100B,bandlight_indoor_1,1100,backward,1101,True,True,327,328
bandlight_indoor_1@1150B,bandlight_indoor_1,1150,backward,1151,False,False,1151,1151
bandlight_indoor_1@1184B,bandlight_indoor_1,1184,backward,1185,False,False,1185,1185
earphone01_indoor_1@0F,earphone01_indoor_1,0,forward,1085,False,False,1085,1085
earphone01_indoor_1@50F,earphone01_indoor_1,50,forward,1035,False,False,1035,1035
earphone01_indoor_1@100F,earphone01_indoor_1,100,forward,985,False,False,985,985
earphone01_indoor_1@150F,earphone01_indoor_1,150,forward,935,False,False,935,935
earphone01_indoor_1@200F,earphone01_indoor_1,200,forward,885,False,False,885,885
earphone01_indoor_1@250F,earphone01_indoor_1,250,forward,835,False,False,835,835
earphone01_indoor_1@300F,earphone01_indoor_1,300,forward,785,False,False,785,785
earphone01_indoor_1@350F,earphone01_indoor_1,350,forward,735,False,False,735,735
earphone01_indoor_1@400F,earphone01_indoor_1,400,forward,685,False,False,685,685
earphone01_indoor_1@450F,earphone01_indoor_1,450,forward,635,False,False,635,635
earphone01_indoor_1@500F,earphone01_indoor_1,500,forward,585,False,False,585,585
earphone01_indoor_1@550B,earphone01_indoor_1,550,backward,551,False,False,551,551
earphone01_indoor_1@600B,earphone01_indoor_1,600,backward,601,False,True,601,75
earphone01_indoor_1@650B,earphone01_indoor_1,650,backward,651,False,False,651,651
earphone01_indoor_1@850B,earphone01_indoor_1,850,backward,851,False,False,851,851
earphone01_indoor_1@900B,earphone01_indoor_1,900,backward,901,False,False,901,901
earphone01_indoor_1@950B,earphone01_indoor_1,950,backward,951,False,False,951,951
earphone01_indoor_1@1000B,earphone01_indoor_1,1000,backward,1001,True,False,465,1001
earphone01_indoor_1@1050B,earphone01_indoor_1,1050,backward,1051,False,False,1051,1051
earphone01_indoor_1@1084B,earphone01_indoor_1,1084,backward,1085,True,False,268,1085
toy09_indoor_1@0F,toy09_indoor_1,0,forward,1339,True,True,1048,230
toy09_indoor_1@50F,toy09_indoor_1,50,forward,1289,True,True,180,998
toy09_indoor_1@100F,toy09_indoor_1,100,forward,1239,True,True,130,129
toy09_indoor_1@150F,toy09_indoor_1,150,forward,1189,True,True,80,79
toy09_indoor_1@200F,toy09_indoor_1,200,forward,1139,True,True,847,847
toy09_indoor_1@250F,toy09_indoor_1,250,forward,1089,True,True,798,797
toy09_indoor_1@300F,toy09_indoor_1,300,forward,1039,True,True,748,748
toy09_indoor_1@350F,toy09_indoor_1,350,forward,989,True,True,698,527
toy09_indoor_1@400F,toy09_indoor_1,400,forward,939,True,True,648,648
toy09_indoor_1@450F,toy09_indoor_1,450,forward,889,True,True,233,233
toy09_indoor_1@500F,toy09_indoor_1,500,forward,839,True,True,548,548
toy09_indoor_1@550F,toy09_indoor_1,550,forward,789,True,True,167,154
toy09_indoor_1@600F,toy09_indoor_1,600,forward,739,True,True,448,448
toy09_indoor_1@650F,toy09_indoor_1,650,forward,689,True,True,64,58
toy09_indoor_1@700B,toy09_indoor_1,700,backward,701,True,True,467,467
toy09_indoor_1@750B,toy09_indoor_1,750,backward,751,True,True,496,496
toy09_indoor_1@800B,toy09_indoor_1,800,backward,801,True,True,546,547
toy09_indoor_1@850B,toy09_indoor_1,850,backward,851,True,True,617,617
toy09_indoor_1@900B,toy09_indoor_1,900,backward,901,True,True,667,667
toy09_indoor_1@950B,toy09_indoor_1,950,backward,951,True,True,717,717
toy09_indoor_1@1000B,toy09_indoor_1,1000,backward,1001,True,True,746,746
toy09_indoor_1@1050B,toy09_indoor_1,1050,backward,1051,True,True,58,35
toy09_indoor_1@1100B,toy09_indoor_1,1100,backward,1101,True,True,85,34
toy09_indoor_1@1250B,toy09_indoor_1,1250,backward,1251,True,True,68,67
toy09_indoor_1@1300B,toy09_indoor_1,1300,backward,1301,True,True,118,119
toy09_indoor_1@1338B,toy09_indoor_1,1338,backward,1339,True,True,154,5
duck03_wild_1@0F,duck03_wild_1,0,forward,218,False,False,218,218
duck03_wild_1@50F,duck03_wild_1,50,forward,168,False,False,168,168
duck03_wild_1@100F,duck03_wild_1,100,forward,118,False,False,118,118
duck03_wild_1@150B,duck03_wild_1,150,backward,151,False,False,151,151
duck03_wild_1@200B,duck03_wild_1,200,backward,201,False,False,201,201
duck03_wild_1@217B,duck03_wild_1,217,backward,218,False,False,218,218
two_tennis_balls_3@0F,two_tennis_balls_3,0,forward,130,True,True,109,96
two_tennis_balls_3@50F,two_tennis_balls_3,50,forward,80,True,True,46,46
two_tennis_balls_3@100B,two_tennis_balls_3,100,backward,101,False,True,101,19
two_tennis_balls_3@129B,two_tennis_balls_3,129,backward,130,True,True,48,48
cube05_indoor_6@0F,cube05_indoor_6,0,forward,728,False,False,728,728
cube05_indoor_6@47F,cube05_indoor_6,47,forward,681,False,False,681,681
cube05_indoor_6@100F,cube05_indoor_6,100,forward,628,True,True,427,426
cube05_indoor_6@150F,cube05_indoor_6,150,forward,578,False,False,578,578
cube05_indoor_6@200F,cube05_indoor_6,200,forward,528,False,False,528,528
cube05_indoor_6@250F,cube05_indoor_6,250,forward,478,False,False,478,478
cube05_indoor_6@300F,cube05_indoor_6,300,forward,428,False,True,428,228
cube05_indoor_6@350F,cube05_indoor_6,350,forward,378,False,False,378,378
cube05_indoor_6@400B,cube05_indoor_6,400,backward,401,False,False,401,401
cube05_indoor_6@450B,cube05_indoor_6,450,backward,451,False,False,451,451
cube05_indoor_6@500B,cube05_indoor_6,500,backward,501,False,False,501,501
cube05_indoor_6@550B,cube05_indoor_6,550,backward,551,False,False,551,551
cube05_indoor_6@600B,cube05_indoor_6,600,backward,601,False,False,601,601
cube05_indoor_6@650B,cube05_indoor_6,650,backward,651,False,False,651,651
cube05_indoor_6@700B,cube05_indoor_6,700,backward,701,False,False,701,701
cube05_indoor_6@722B,cube05_indoor_6,722,backward,723,False,False,723,723
duck03_wild_2@0F,duck03_wild_2,0,forward,247,False,False,247,247
duck03_wild_2@50F,duck03_wild_2,50,forward,197,False,False,197,197
duck03_wild_2@100F,duck03_wild_2,100,forward,147,False,False,147,147
duck03_wild_2@150B,duck03_wild_2,150,backward,151,False,False,151,151
duck03_wild_2@200B,duck03_wild_2,200,backward,201,False,False,201,201
duck03_wild_2@246B,duck03_wild_2,246,backward,247,False,False,247,247
cube02_indoor_1@0F,cube02_indoor_1,0,forward,572,False,False,572,572
cube02_indoor_1@50F,cube02_indoor_1,50,forward,522,False,False,522,522
cube02_indoor_1@100F,cube02_indoor_1,100,forward,472,False,False,472,472
cube02_indoor_1@150F,cube02_indoor_1,150,forward,422,False,False,422,422
cube02_indoor_1@200F,cube02_indoor_1,200,forward,372,False,False,372,372
cube02_indoor_1@250F,cube02_indoor_1,250,forward,322,False,False,322,322
cube02_indoor_1@300B,cube02_indoor_1,300,backward,301,True,True,127,127
cube02_indoor_1@350B,cube02_indoor_1,350,backward,351,True,True,177,177
cube02_indoor_1@400B,cube02_indoor_1,400,backward,401,True,True,227,227
cube02_indoor_1@450B,cube02_indoor_1,450,backward,451,True,True,16,17
cube02_indoor_1@506B,cube02_indoor_1,506,backward,507,True,True,333,333
cube02_indoor_1@550B,cube02_indoor_1,550,backward,551,True,True,377,377
cube02_indoor_1@569B,cube02_indoor_1,569,backward,570,True,True,396,396
cube02_indoor_2@0F,cube02_indoor_2,0,forward,590,False,False,590,590
cube02_indoor_2@50F,cube02_indoor_2,50,forward,540,False,False,540,540
cube02_indoor_2@91F,cube02_indoor_2,91,forward,499,False,False,499,499
cube02_indoor_2@150F,cube02_indoor_2,150,forward,440,False,False,440,440
cube02_indoor_2@200F,cube02_indoor_2,200,forward,390,False,True,390,14
cube02_indoor_2@250F,cube02_indoor_2,250,forward,340,False,False,340,340
cube02_indoor_2@300F,cube02_indoor_2,300,forward,290,False,False,290,290
cube02_indoor_2@350B,cube02_indoor_2,350,backward,351,False,False,351,351
cube02_indoor_2@400B,cube02_indoor_2,400,backward,401,False,False,401,401
cube02_indoor_2@450B,cube02_indoor_2,450,backward,451,False,False,451,451
cube02_indoor_2@500B,cube02_indoor_2,500,backward,501,False,True,501,205
cube02_indoor_2@550B,cube02_indoor_2,550,backward,551,False,False,551,551
cube02_indoor_2@589B,cube02_indoor_2,589,backward,590,False,True,590,294
cube05_indoor_1@0F,cube05_indoor_1,0,forward,111,True,True,9,10
cube05_indoor_1@50F,cube05_indoor_1,50,forward,61,False,False,61,61
cube05_indoor_1@100B,cube05_indoor_1,100,backward,101,False,False,101,101
cube05_indoor_1@110B,cube05_indoor_1,110,backward,111,True,True,88,86
yogurt_indoor_1@0F,yogurt_indoor_1,0,forward,1609,False,False,1609,1609
yogurt_indoor_1@50F,yogurt_indoor_1,50,forward,1559,False,False,1559,1559
yogurt_indoor_1@100F,yogurt_indoor_1,100,forward,1509,False,False,1509,1509
yogurt_indoor_1@150F,yogurt_indoor_1,150,forward,1459,False,False,1459,1459
yogurt_indoor_1@200F,yogurt_indoor_1,200,forward,1409,False,False,1409,1409
yogurt_indoor_1@250F,yogurt_indoor_1,250,forward,1359,False,False,1359,1359
yogurt_indoor_1@300F,yogurt_indoor_1,300,forward,1309,False,True,1309,327
yogurt_indoor_1@350F,yogurt_indoor_1,350,forward,1259,False,False,1259,1259
yogurt_indoor_1@400F,yogurt_indoor_1,400,forward,1209,False,True,1209,1107
yogurt_indoor_1@450F,yogurt_indoor_1,450,forward,1159,False,False,1159,1159
yogurt_indoor_1@500F,yogurt_indoor_1,500,forward,1109,False,False,1109,1109
yogurt_indoor_1@550F,yogurt_indoor_1,550,forward,1059,False,False,1059,1059
yogurt_indoor_1@600F,yogurt_indoor_1,600,forward,1009,False,False,1009,1009
yogurt_indoor_1@650F,yogurt_indoor_1,650,forward,959,False,True,959,942
yogurt_indoor_1@700F,yogurt_indoor_1,700,forward,909,False,True,909,896
yogurt_indoor_1@750F,yogurt_indoor_1,750,forward,859,False,False,859,859
yogurt_indoor_1@800F,yogurt_indoor_1,800,forward,809,False,False,809,809
yogurt_indoor_1@850B,yogurt_indoor_1,850,backward,851,False,False,851,851
yogurt_indoor_1@900B,yogurt_indoor_1,900,backward,901,True,True,101,103
yogurt_indoor_1@950B,yogurt_indoor_1,950,backward,951,False,True,951,155
yogurt_indoor_1@1000B,yogurt_indoor_1,1000,backward,1001,True,True,201,419
yogurt_indoor_1@1050B,yogurt_indoor_1,1050,backward,1051,False,False,1051,1051
yogurt_indoor_1@1100B,yogurt_indoor_1,1100,backward,1101,False,False,1101,1101
yogurt_indoor_1@1150B,yogurt_indoor_1,1150,backward,1151,False,False,1151,1151
yogurt_indoor_1@1200B,yogurt_indoor_1,1200,backward,1201,False,False,1201,1201
yogurt_indoor_1@1250B,yogurt_indoor_1,1250,backward,1251,False,False,1251,1251
yogurt_indoor_1@1300B,yogurt_indoor_1,1300,backward,1301,False,True,1301,251
yogurt_indoor_1@1350B,yogurt_indoor_1,1350,backward,1351,False,False,1351,1351
yogurt_indoor_1@1400B,yogurt_indoor_1,1400,backward,1401,False,True,1401,351
yogurt_indoor_1@1450B,yogurt_indoor_1,1450,backward,1451,False,True,1451,401
yogurt_indoor_1@1500B,yogurt_indoor_1,1500,backward,1501,False,False,1501,1501
yogurt_indoor_1@1550B,yogurt_indoor_1,1550,backward,1551,False,False,1551,1551
yogurt_indoor_1@1600B,yogurt_indoor_1,1600,backward,1601,False,False,1601,1601
yogurt_indoor_1@1608B,yogurt_indoor_1,1608,backward,1609,False,False,1609,1609
cube05_indoor_2@0F,cube05_indoor_2,0,forward,146,False,False,146,146
cube05_indoor_2@50F,cube05_indoor_2,50,forward,96,False,False,96,96
cube05_indoor_2@100F,cube05_indoor_2,100,forward,46,False,False,46,46
cube05_indoor_2@145B,cube05_indoor_2,145,backward,146,False,False,146,146
cube05_indoor_4@0F,cube05_indoor_4,0,forward,299,True,True,281,281
cube05_indoor_4@50F,cube05_indoor_4,50,forward,249,True,False,230,249
cube05_indoor_4@100F,cube05_indoor_4,100,forward,199,True,True,181,180
cube05_indoor_4@149F,cube05_indoor_4,149,forward,150,True,True,132,130
cube05_indoor_4@199B,cube05_indoor_4,199,backward,200,False,False,200,200
cube05_indoor_4@249B,cube05_indoor_4,249,backward,250,False,False,250,250
cube05_indoor_4@298B,cube05_indoor_4,298,backward,299,False,False,299,299
humans_shirts_room_occ_1_A_2@0F,humans_shirts_room_occ_1_A_2,0,forward,602,True,True,336,335
humans_shirts_room_occ_1_A_2@50F,humans_shirts_room_occ_1_A_2,50,forward,552,True,True,460,412
humans_shirts_room_occ_1_A_2@100F,humans_shirts_room_occ_1_A_2,100,forward,502,True,True,404,403
humans_shirts_room_occ_1_A_2@150F,humans_shirts_room_occ_1_A_2,150,forward,452,True,True,352,310
humans_shirts_room_occ_1_A_2@200F,humans_shirts_room_occ_1_A_2,200,forward,402,False,False,402,402
humans_shirts_room_occ_1_A_2@250F,humans_shirts_room_occ_1_A_2,250,forward,352,False,False,352,352
humans_shirts_room_occ_1_A_2@300F,humans_shirts_room_occ_1_A_2,300,forward,302,False,False,302,302
humans_shirts_room_occ_1_A_2@350B,humans_shirts_room_occ_1_A_2,350,backward,351,False,False,351,351
humans_shirts_room_occ_1_A_2@400B,humans_shirts_room_occ_1_A_2,400,backward,401,False,False,401,401
humans_shirts_room_occ_1_A_2@450B,humans_shirts_room_occ_1_A_2,450,backward,451,False,False,451,451
humans_shirts_room_occ_1_A_2@500B,humans_shirts_room_occ_1_A_2,500,backward,501,False,False,501,501
humans_shirts_room_occ_1_A_2@550B,humans_shirts_room_occ_1_A_2,550,backward,551,True,True,369,365
humans_shirts_room_occ_1_A_2@564B,humans_shirts_room_occ_1_A_2,564,backward,565,True,True,387,387
ball06_indoor_2@0F,ball06_indoor_2,0,forward,337,True,True,193,7
ball06_indoor_2@50F,ball06_indoor_2,50,forward,287,True,True,143,143
ball06_indoor_2@99F,ball06_indoor_2,99,forward,238,True,True,94,94
ball06_indoor_2@149F,ball06_indoor_2,149,forward,188,True,True,44,44
ball06_indoor_2@199B,ball06_indoor_2,199,backward,200,True,True,87,74
ball06_indoor_2@248B,ball06_indoor_2,248,backward,249,False,True,249,123
ball06_indoor_2@298B,ball06_indoor_2,298,backward,299,True,True,46,46
ball06_indoor_2@329B,ball06_indoor_2,329,backward,330,True,True,77,14
robot_human_corridor_noocc_1_B_1@0F,robot_human_corridor_noocc_1_B_1,0,forward,897,False,False,897,897
robot_human_corridor_noocc_1_B_1@50F,robot_human_corridor_noocc_1_B_1,50,forward,847,False,False,847,847
robot_human_corridor_noocc_1_B_1@100F,robot_human_corridor_noocc_1_B_1,100,forward,797,False,False,797,797
robot_human_corridor_noocc_1_B_1@150F,robot_human_corridor_noocc_1_B_1,150,forward,747,False,False,747,747
robot_human_corridor_noocc_1_B_1@200F,robot_human_corridor_noocc_1_B_1,200,forward,697,False,False,697,697
robot_human_corridor_noocc_1_B_1@250F,robot_human_corridor_noocc_1_B_1,250,forward,647,False,False,647,647
robot_human_corridor_noocc_1_B_1@300F,robot_human_corridor_noocc_1_B_1,300,forward,597,False,False,597,597
robot_human_corridor_noocc_1_B_1@350F,robot_human_corridor_noocc_1_B_1,350,forward,547,False,False,547,547
robot_human_corridor_noocc_1_B_1@400F,robot_human_corridor_noocc_1_B_1,400,forward,497,False,True,497,217
robot_human_corridor_noocc_1_B_1@450B,robot_human_corridor_noocc_1_B_1,450,backward,451,False,False,451,451
robot_human_corridor_noocc_1_B_1@500B,robot_human_corridor_noocc_1_B_1,500,backward,501,False,False,501,501
robot_human_corridor_noocc_1_B_1@550B,robot_human_corridor_noocc_1_B_1,550,backward,551,False,False,551,551
robot_human_corridor_noocc_1_B_1@600B,robot_human_corridor_noocc_1_B_1,600,backward,601,False,False,601,601
robot_human_corridor_noocc_1_B_1@650B,robot_human_corridor_noocc_1_B_1,650,backward,651,False,False,651,651
robot_human_corridor_noocc_1_B_1@700B,robot_human_corridor_noocc_1_B_1,700,backward,701,False,True,701,81
robot_human_corridor_noocc_1_B_1@750B,robot_human_corridor_noocc_1_B_1,750,backward,751,False,False,751,751
robot_human_corridor_noocc_1_B_1@800B,robot_human_corridor_noocc_1_B_1,800,backward,801,False,False,801,801
robot_human_corridor_noocc_1_B_1@850B,robot_human_corridor_noocc_1_B_1,850,backward,851,False,False,851,851
robot_human_corridor_noocc_1_B_1@896B,robot_human_corridor_noocc_1_B_1,896,backward,897,False,False,897,897
squirrel_wild_1@0F,squirrel_wild_1,0,forward,368,False,False,368,368
squirrel_wild_1@50F,squirrel_wild_1,50,forward,318,False,False,318,318
squirrel_wild_1@100F,squirrel_wild_1,100,forward,268,False,False,268,268
squirrel_wild_1@150F,squirrel_wild_1,150,forward,218,False,False,218,218
squirrel_wild_1@200B,squirrel_wild_1,200,backward,201,False,False,201,201
squirrel_wild_1@250B,squirrel_wild_1,250,backward,251,False,False,251,251
squirrel_wild_1@300B,squirrel_wild_1,300,backward,301,False,False,301,301
squirrel_wild_1@350B,squirrel_wild_1,350,backward,351,False,False,351,351
squirrel_wild_1@362B,squirrel_wild_1,362,backward,363,False,False,363,363
humans_shirts_room_occ_1_B_1@0F,humans_shirts_room_occ_1_B_1,0,forward,511,False,False,511,511
humans_shirts_room_occ_1_B_1@50F,humans_shirts_room_occ_1_B_1,50,forward,461,False,True,461,242
humans_shirts_room_occ_1_B_1@100F,humans_shirts_room_occ_1_B_1,100,forward,411,False,False,411,411
humans_shirts_room_occ_1_B_1@150F,humans_shirts_room_occ_1_B_1,150,forward,361,False,False,361,361
humans_shirts_room_occ_1_B_1@200F,humans_shirts_room_occ_1_B_1,200,forward,311,False,False,311,311
humans_shirts_room_occ_1_B_1@250F,humans_shirts_room_occ_1_B_1,250,forward,261,False,False,261,261
humans_shirts_room_occ_1_B_1@300B,humans_shirts_room_occ_1_B_1,300,backward,301,False,False,301,301
humans_shirts_room_occ_1_B_1@350B,humans_shirts_room_occ_1_B_1,350,backward,351,False,False,351,351
humans_shirts_room_occ_1_B_1@400B,humans_shirts_room_occ_1_B_1,400,backward,401,False,False,401,401
humans_shirts_room_occ_1_B_1@450B,humans_shirts_room_occ_1_B_1,450,backward,451,False,False,451,451
humans_shirts_room_occ_1_B_1@500B,humans_shirts_room_occ_1_B_1,500,backward,501,False,False,501,501
humans_shirts_room_occ_1_B_1@510B,humans_shirts_room_occ_1_B_1,510,backward,511,False,False,511,511
