sequence,arm,frame,score,iou,quality
bag05_indoor,category,200,0.8777925968170166,0.8184671289322581,correct
bag05_indoor,category,300,0.8527877330780029,0.7674079985309061,correct
bag05_indoor,category,400,0.8429820537567139,0.9743824545475981,correct
bag05_indoor,category,500,0.776089072227478,0.7686198998974437,correct
bag05_indoor,category,550,0.8961644768714905,0.927450164938244,correct
bag05_indoor,category,600,0.8469746708869934,0.9273935591569848,correct
bag05_indoor,category,700,0.8964464664459229,0.9665558546444246,correct
bag05_indoor,category_empty,200,0.8919156789779663,0.8251376170271505,correct
bag05_indoor,category_empty,300,0.857417643070221,0.773937940083255,correct
bag05_indoor,category_empty,400,0.8368539214134216,0.9553053935031709,correct
bag05_indoor,category_empty,500,0.7677524089813232,0.7734988709793755,correct
bag05_indoor,category_empty,550,0.9100347757339478,0.9409657800845225,correct
bag05_indoor,category_empty,600,0.8700444102287292,0.9293149821701239,correct
bag05_indoor,category_empty,700,0.9109311103820801,0.965311716397442,correct
bag05_indoor,category_swapped,200,0.881412923336029,0.850730912715923,correct
bag05_indoor,category_swapped,300,0.8491159677505493,0.7733670542927498,correct
bag05_indoor,category_swapped,400,0.8378701210021973,0.9576343367623089,correct
bag05_indoor,category_swapped,500,0.7670302987098694,0.761744325940748,correct
bag05_indoor,category_swapped,550,0.8932347297668457,0.931613062781741,correct
bag05_indoor,category_swapped,600,0.8428060412406921,0.917354190987041,correct
bag05_indoor,category_swapped,700,0.890739917755127,0.9671731331801003,correct
bag05_indoor,M84_control,200,0.8777443766593933,0.8241461642661613,correct
bag05_indoor,M84_control,300,0.8381103873252869,0.7563053950114083,correct
bag05_indoor,M84_control,400,0.8305766582489014,0.953460785009453,correct
bag05_indoor,M84_control,500,0.7644779086112976,0.7706471072127798,correct
bag05_indoor,M84_control,550,0.8877702355384827,0.9247054171941245,correct
bag05_indoor,M84_control,600,0.8563628792762756,0.9315927734703747,correct
bag05_indoor,M84_control,700,0.8876283764839172,0.9582775770943444,correct
ball07_indoor,category,50,0.8713329434394836,0.9637435178996412,correct
ball07_indoor,category,100,0.7997791767120361,0.9788193596709406,correct
ball07_indoor,category,150,0.7918944358825684,0.9391284583877578,correct
ball07_indoor,category,250,0.9175353646278381,0.9528929273739659,correct
ball07_indoor,category,300,0.9188954830169678,0.9527582327395829,correct
ball07_indoor,category,400,0.786069393157959,0.9180091500208791,correct
ball07_indoor,category,450,0.9091895818710327,0.9650351454227922,correct
ball07_indoor,category,550,0.8787465691566467,0.9319824597011858,correct
ball07_indoor,category,600,0.9449906945228577,0.9342788864767618,correct
ball07_indoor,category,650,0.8436236381530762,0.9567177903029913,correct
ball07_indoor,category,700,0.8727254271507263,0.8791654781463869,correct
ball07_indoor,category,1150,0.7591552138328552,0.9160043520139116,correct
ball07_indoor,category,1200,0.9175447821617126,0.9792152459458623,correct
ball07_indoor,category,1300,0.7862408757209778,0.8838195951071358,correct
ball07_indoor,category,1550,0.894050121307373,0.9391835955962368,correct
ball07_indoor,category,1600,0.9315102100372314,0.9464950777163267,correct
ball07_indoor,category,1650,0.9227005243301392,0.9188918537799358,correct
ball07_indoor,category,1700,0.9250372052192688,0.9694263370783738,correct
ball07_indoor,category,1750,0.9195520877838135,0.9495910681898965,correct
ball07_indoor,category,1800,0.9367644190788269,0.9236210216758026,correct
ball07_indoor,category,1850,0.9204956889152527,0.9537293904522938,correct
ball07_indoor,category,1900,0.9192472100257874,0.9441160203465887,correct
ball07_indoor,category,1950,0.9254843592643738,0.9668148722264961,correct
ball07_indoor,category,2000,0.9278343915939331,0.9563769568236543,correct
ball07_indoor,category,2050,0.9057634472846985,0.9258637198947476,correct
ball07_indoor,category,2100,0.8715314865112305,0.9152761887968783,correct
ball07_indoor,category,2200,0.9190532565116882,0.9587107682722045,correct
ball07_indoor,category_empty,50,0.8454324007034302,0.9325778753235067,correct
ball07_indoor,category_empty,100,0.8366119861602783,0.9475326092058227,correct
ball07_indoor,category_empty,150,0.8766034245491028,0.8921875593871321,correct
ball07_indoor,category_empty,250,0.9174132943153381,0.9599728455419766,correct
ball07_indoor,category_empty,300,0.9085978269577026,0.9345991216168612,correct
ball07_indoor,category_empty,400,0.7953071594238281,0.9192811605039519,correct
ball07_indoor,category_empty,450,0.9158828854560852,0.9642434976371891,correct
ball07_indoor,category_empty,550,0.883197009563446,0.9194358756183159,correct
ball07_indoor,category_empty,600,0.9496652483940125,0.9262746170298813,correct
ball07_indoor,category_empty,650,0.8461346626281738,0.9285104774204702,correct
ball07_indoor,category_empty,700,0.8921228647232056,0.880977713448232,correct
ball07_indoor,category_empty,1600,0.8344711661338806,0.0,severe
ball07_indoor,category_empty,2150,0.9185658693313599,0.0,severe
ball07_indoor,category_empty,2250,0.7830304503440857,0.0,severe
ball07_indoor,category_swapped,50,0.8634273409843445,0.9732074569865576,correct
ball07_indoor,category_swapped,100,0.8048340082168579,0.9592513833393312,correct
ball07_indoor,category_swapped,150,0.8232541680335999,0.8999818363937906,correct
ball07_indoor,category_swapped,250,0.9128446578979492,0.9485563274608965,correct
ball07_indoor,category_swapped,300,0.9174537062644958,0.9450236846828544,correct
ball07_indoor,category_swapped,400,0.7666913866996765,0.9368540501299508,correct
ball07_indoor,category_swapped,450,0.9083642959594727,0.9678077074421106,correct
ball07_indoor,category_swapped,550,0.885664701461792,0.8903741148464371,correct
ball07_indoor,category_swapped,600,0.9439675807952881,0.9846769370675478,correct
ball07_indoor,category_swapped,650,0.8434007167816162,0.9613311095345771,correct
ball07_indoor,category_swapped,700,0.8824678659439087,0.9098782337178204,correct
ball07_indoor,category_swapped,1150,0.7942545413970947,0.9421007621408247,correct
ball07_indoor,category_swapped,1200,0.903499960899353,0.9744913417362298,correct
ball07_indoor,category_swapped,1550,0.9015583992004395,0.9469004002410262,correct
ball07_indoor,category_swapped,1600,0.9320458769798279,0.9364800896074792,correct
ball07_indoor,category_swapped,1650,0.9222789406776428,0.9298170453086979,correct
ball07_indoor,category_swapped,1700,0.9272588491439819,0.9368977279442023,correct
ball07_indoor,category_swapped,1750,0.9234122037887573,0.9514036439909519,correct
ball07_indoor,category_swapped,1800,0.9390192031860352,0.9350420955879456,correct
ball07_indoor,category_swapped,1850,0.9297513365745544,0.9523287098733579,correct
ball07_indoor,category_swapped,1900,0.9198668599128723,0.9375493556300986,correct
ball07_indoor,category_swapped,1950,0.9215332865715027,0.9438961730412435,correct
ball07_indoor,category_swapped,2000,0.9260210990905762,0.937112616518143,correct
ball07_indoor,category_swapped,2050,0.9066017866134644,0.923376132319291,correct
ball07_indoor,category_swapped,2100,0.8800069689750671,0.9082281583418685,correct
ball07_indoor,category_swapped,2150,0.7651421427726746,0.9505241698596232,correct
ball07_indoor,category_swapped,2200,0.9299780130386353,0.9189934396750638,correct
ball07_indoor,M84_control,50,0.8633456826210022,0.97969050137748,correct
ball07_indoor,M84_control,100,0.8020064830780029,0.9746692592112844,correct
ball07_indoor,M84_control,150,0.8802632689476013,0.9049066725545161,correct
ball07_indoor,M84_control,250,0.9128417372703552,0.9523505549073036,correct
ball07_indoor,M84_control,300,0.9176989197731018,0.9641656034508123,correct
ball07_indoor,M84_control,400,0.8549315333366394,0.9378939139647753,correct
ball07_indoor,M84_control,450,0.9092998504638672,0.9735938066604676,correct
ball07_indoor,M84_control,550,0.8814999461174011,0.9192661959706347,correct
ball07_indoor,M84_control,600,0.9421501159667969,0.9440594641278997,correct
ball07_indoor,M84_control,650,0.8034673929214478,0.9502160086111069,correct
ball07_indoor,M84_control,700,0.8814572095870972,0.8960742771705822,correct
ball07_indoor,M84_control,1150,0.7875920534133911,0.9320593994457597,correct
ball07_indoor,M84_control,1200,0.9158987998962402,0.9796711545017417,correct
ball07_indoor,M84_control,1300,0.8228564262390137,0.8804428357291142,correct
ball07_indoor,M84_control,1550,0.8835334777832031,0.9301334519942067,correct
ball07_indoor,M84_control,1600,0.93222576379776,0.9582169713872452,correct
ball07_indoor,M84_control,1650,0.9244940280914307,0.9269988186868647,correct
ball07_indoor,M84_control,1700,0.9275304675102234,0.9517838323926162,correct
ball07_indoor,M84_control,1750,0.9253882765769958,0.9616495745962212,correct
ball07_indoor,M84_control,1800,0.9365282654762268,0.9103829683992787,correct
ball07_indoor,M84_control,1850,0.9283896684646606,0.9520608611181612,correct
ball07_indoor,M84_control,1900,0.923696756362915,0.9710083601005148,correct
ball07_indoor,M84_control,1950,0.9089692831039429,0.9261529329312705,correct
ball07_indoor,M84_control,2000,0.9243292808532715,0.9332467086248087,correct
ball07_indoor,M84_control,2050,0.8973013162612915,0.9172465424535857,correct
ball07_indoor,M84_control,2100,0.8914321064949036,0.9148700983813572,correct
ball07_indoor,M84_control,2150,0.8208984732627869,0.956857690740619,correct
ball07_indoor,M84_control,2200,0.9192349314689636,0.9547359604333961,correct
ball19_indoor,category,50,0.8873527646064758,0.8896687590359885,correct
ball19_indoor,category,100,0.899890661239624,0.906150453103479,correct
ball19_indoor,category,150,0.7768451571464539,0.8156081675431449,correct
ball19_indoor,category,600,0.8514831066131592,0.8927485296663952,correct
ball19_indoor,category,650,0.8927502036094666,0.8621314960545204,correct
ball19_indoor,category,800,0.8805954456329346,0.9185164594187539,correct
ball19_indoor,category,900,0.8370168805122375,0.8546436793210268,correct
ball19_indoor,category,1150,0.8727053999900818,0.9003445525393823,correct
ball19_indoor,category,1200,0.844156801700592,0.8659805737473423,correct
ball19_indoor,category,1250,0.9363957047462463,0.9641415607189158,correct
ball19_indoor,category,1350,0.7716888189315796,0.8835229536409287,correct
ball19_indoor,category_empty,50,0.8982731699943542,0.8931217232319134,correct
ball19_indoor,category_empty,100,0.9100683927536011,0.9094705197057416,correct
ball19_indoor,category_empty,150,0.8097034096717834,0.8273905416005695,correct
ball19_indoor,category_empty,400,0.7884982228279114,0.8138163195985799,correct
ball19_indoor,category_empty,600,0.8532641530036926,0.9123176596142484,correct
ball19_indoor,category_empty,650,0.8991706967353821,0.848750565106173,correct
ball19_indoor,category_empty,800,0.9036229848861694,0.9127177423939489,correct
ball19_indoor,category_empty,900,0.8701857328414917,0.8441666229780427,correct
ball19_indoor,category_empty,1150,0.8631861209869385,0.9035041647636857,correct
ball19_indoor,category_empty,1200,0.8159786462783813,0.8781461068213804,correct
ball19_indoor,category_empty,1250,0.9397101998329163,0.9452107654588466,correct
ball19_indoor,category_empty,1350,0.7785887122154236,0.8729785088158551,correct
ball19_indoor,category_swapped,50,0.8830980658531189,0.9097585458490964,correct
ball19_indoor,category_swapped,100,0.9018088579177856,0.9065381072496531,correct
ball19_indoor,category_swapped,150,0.7923241853713989,0.8399462302541877,correct
ball19_indoor,category_swapped,600,0.8589890003204346,0.8797706309396425,correct
ball19_indoor,category_swapped,650,0.892342746257782,0.8529393888617435,correct
ball19_indoor,category_swapped,800,0.8876010775566101,0.9232870980490387,correct
ball19_indoor,category_swapped,900,0.8537926077842712,0.8456316008577563,correct
ball19_indoor,category_swapped,1150,0.8606107234954834,0.91645120184383,correct
ball19_indoor,category_swapped,1200,0.817050576210022,0.8866239939788745,correct
ball19_indoor,category_swapped,1250,0.9343316555023193,0.9567937279015047,correct
ball19_indoor,M84_control,50,0.8729113936424255,0.9094162149656126,correct
ball19_indoor,M84_control,100,0.8930639028549194,0.911210445209381,correct
ball19_indoor,M84_control,150,0.806551456451416,0.8409890515198106,correct
ball19_indoor,M84_control,600,0.8436183929443359,0.8958660680179417,correct
ball19_indoor,M84_control,650,0.8927021026611328,0.8558999014038918,correct
ball19_indoor,M84_control,800,0.8798723220825195,0.9094094598065643,correct
ball19_indoor,M84_control,900,0.811265230178833,0.8926508306932849,correct
ball19_indoor,M84_control,1000,0.7511601448059082,0.8943059160300749,correct
ball19_indoor,M84_control,1150,0.8523246645927429,0.8899488384420541,correct
ball19_indoor,M84_control,1200,0.8262954950332642,0.8733180995672661,correct
ball19_indoor,M84_control,1250,0.9336898326873779,0.9667513283335398,correct
beautifullight01_indoor,category,150,0.7514261603355408,0.9378997036734099,correct
beautifullight01_indoor,category,200,0.8433862924575806,0.9434464483875405,correct
beautifullight01_indoor,category,350,0.7730977535247803,0.894353105892653,correct
beautifullight01_indoor,category,600,0.7945430278778076,0.0,severe
beautifullight01_indoor,category,650,0.9262308478355408,,invalid_gt
beautifullight01_indoor,category,700,0.9272820949554443,0.0,severe
beautifullight01_indoor,category,750,0.9216475486755371,,invalid_gt
beautifullight01_indoor,category,800,0.9294711351394653,0.0,severe
beautifullight01_indoor,category,850,0.9203834533691406,,invalid_gt
beautifullight01_indoor,category,900,0.9247622489929199,0.0,severe
beautifullight01_indoor,category,950,0.9245219230651855,,invalid_gt
beautifullight01_indoor,category,1000,0.9137102365493774,,invalid_gt
beautifullight01_indoor,category,1050,0.9231082797050476,0.0,severe
beautifullight01_indoor,category,1100,0.9238735437393188,,invalid_gt
beautifullight01_indoor,category,1150,0.9316960573196411,0.0,severe
beautifullight01_indoor,category,1200,0.9346667528152466,0.0,severe
beautifullight01_indoor,category,1250,0.9180935025215149,0.0,severe
beautifullight01_indoor,category_empty,150,0.7555127739906311,0.9288420447354679,correct
beautifullight01_indoor,category_empty,200,0.8541646599769592,0.9356497667671475,correct
beautifullight01_indoor,category_empty,700,0.778732419013977,0.7767761500959818,correct
beautifullight01_indoor,category_empty,800,0.9081706404685974,0.9694689219589603,correct
beautifullight01_indoor,category_empty,900,0.7623934149742126,0.9565934943296419,correct
beautifullight01_indoor,category_empty,1000,0.7822076082229614,,invalid_gt
beautifullight01_indoor,category_empty,1050,0.8765982389450073,0.0,severe
beautifullight01_indoor,category_empty,1100,0.8320752382278442,,invalid_gt
beautifullight01_indoor,category_empty,1150,0.8609952330589294,0.0,severe
beautifullight01_indoor,category_empty,1200,0.8843542337417603,0.0,severe
beautifullight01_indoor,category_empty,1250,0.8440688252449036,0.0,severe
beautifullight01_indoor,category_swapped,200,0.8109596371650696,0.9228000680034576,correct
beautifullight01_indoor,category_swapped,600,0.7954219579696655,0.0,severe
beautifullight01_indoor,category_swapped,650,0.924282431602478,,invalid_gt
beautifullight01_indoor,category_swapped,700,0.9274107217788696,0.0,severe
beautifullight01_indoor,category_swapped,750,0.9229592084884644,,invalid_gt
beautifullight01_indoor,category_swapped,800,0.928546667098999,0.0,severe
beautifullight01_indoor,category_swapped,850,0.9211859703063965,,invalid_gt
beautifullight01_indoor,category_swapped,900,0.9248232245445251,0.0,severe
beautifullight01_indoor,category_swapped,950,0.9230867624282837,,invalid_gt
beautifullight01_indoor,category_swapped,1000,0.9131022095680237,,invalid_gt
beautifullight01_indoor,category_swapped,1050,0.920978307723999,0.0,severe
beautifullight01_indoor,category_swapped,1100,0.9235567450523376,,invalid_gt
beautifullight01_indoor,category_swapped,1150,0.9276094436645508,0.0,severe
beautifullight01_indoor,category_swapped,1200,0.9344700574874878,0.0,severe
beautifullight01_indoor,category_swapped,1250,0.9174442291259766,0.0,severe
beautifullight01_indoor,M84_control,200,0.8033395409584045,0.9391089260226524,correct
beautifullight01_indoor,M84_control,350,0.8032088279724121,0.8985018483344251,correct
beautifullight01_indoor,M84_control,700,0.7694498300552368,0.745234237788515,correct
beautifullight01_indoor,M84_control,800,0.8942484259605408,0.9479320783798001,correct
beautifullight01_indoor,M84_control,1150,0.7635583877563477,0.0,severe
beautifullight01_indoor,M84_control,1200,0.9346515536308289,0.0,severe
beautifullight01_indoor,M84_control,1250,0.9164994955062866,0.0,severe
book06_indoor,category,100,0.9352433681488037,0.9125926624537578,correct
book06_indoor,category,150,0.7886222004890442,0.8196867391814785,correct
book06_indoor,category,200,0.9259532690048218,0.8588183116769805,correct
book06_indoor,category,250,0.8832482695579529,0.9460913772214404,correct
book06_indoor,category,350,0.8720974922180176,0.9033961587460887,correct
book06_indoor,category,400,0.8681212067604065,0.9767683379384495,correct
book06_indoor,category,450,0.8734065890312195,0.922786317992419,correct
book06_indoor,category,500,0.9089521765708923,0.8923442424474568,correct
book06_indoor,category,550,0.8894310593605042,0.9010287515299696,correct
book06_indoor,category,600,0.8294169902801514,0.9156761429991667,correct
book06_indoor,category,750,0.8576540946960449,,invalid_gt
book06_indoor,category,800,0.894806981086731,,invalid_gt
book06_indoor,category,850,0.7593241930007935,,invalid_gt
book06_indoor,category,1000,0.8254547119140625,0.8988957175993464,correct
book06_indoor,category,1100,0.881379246711731,0.9353779728728159,correct
book06_indoor,category,1150,0.8621067404747009,0.927618127038042,correct
book06_indoor,category,1200,0.9047532081604004,0.02366757188944102,severe
book06_indoor,category,1250,0.8888202905654907,0.0783072075358369,severe
book06_indoor,category,1300,0.808822512626648,0.9562159912142881,correct
book06_indoor,category,1350,0.8109079599380493,0.8867719130648766,correct
book06_indoor,category,1750,0.8485952019691467,0.8406585126321037,correct
book06_indoor,category,1800,0.9156631827354431,0.9304683846956533,correct
book06_indoor,category,1900,0.839972972869873,0.8169078076251349,correct
book06_indoor,category_empty,100,0.9477837681770325,0.903841054909521,correct
book06_indoor,category_empty,150,0.9102999567985535,0.828278958848477,correct
book06_indoor,category_empty,200,0.9279470443725586,0.888739999721124,correct
book06_indoor,category_empty,250,0.9159084558486938,0.9803120394092557,correct
book06_indoor,category_empty,350,0.8883256912231445,0.8974038282878939,correct
book06_indoor,category_empty,400,0.8778613805770874,0.9735422290043321,correct
book06_indoor,category_empty,450,0.8771357536315918,0.9218487328620575,correct
book06_indoor,category_empty,500,0.9166683554649353,0.8634614570508145,correct
book06_indoor,category_empty,550,0.8875265717506409,0.8804298077199665,correct
book06_indoor,category_empty,600,0.8652313351631165,0.9275670547519225,correct
book06_indoor,category_empty,750,0.8656235933303833,,invalid_gt
book06_indoor,category_empty,800,0.8960242867469788,,invalid_gt
book06_indoor,category_empty,850,0.8247382044792175,,invalid_gt
book06_indoor,category_empty,1000,0.8541994094848633,0.9124128153916177,correct
book06_indoor,category_empty,1050,0.8441920280456543,0.9201756609709884,correct
book06_indoor,category_empty,1100,0.8889100551605225,0.8978897143240516,correct
book06_indoor,category_empty,1150,0.8900572061538696,0.9356875416076159,correct
book06_indoor,category_empty,1200,0.8928641080856323,0.023524935680725226,severe
book06_indoor,category_empty,1250,0.938479483127594,0.08279798958503876,severe
book06_indoor,category_empty,1300,0.8560120463371277,0.955409811724677,correct
book06_indoor,category_empty,1350,0.8187824487686157,0.9147139465393391,correct
book06_indoor,category_empty,1700,0.863234281539917,0.0,severe
book06_indoor,category_empty,1750,0.9597347974777222,0.0,severe
book06_indoor,category_empty,1800,0.9595270752906799,0.0,severe
book06_indoor,category_empty,1850,0.9606307744979858,0.0,severe
book06_indoor,category_empty,1900,0.9592865705490112,0.0,severe
book06_indoor,category_empty,1950,0.9638411402702332,0.0,severe
book06_indoor,category_swapped,100,0.9343240261077881,0.9011083294769285,correct
book06_indoor,category_swapped,150,0.8379189372062683,0.8104457767128413,correct
book06_indoor,category_swapped,200,0.9287682771682739,0.8521534426307563,correct
book06_indoor,category_swapped,250,0.8826248049736023,0.9474149995141985,correct
book06_indoor,category_swapped,350,0.8734886050224304,0.9064502880926512,correct
book06_indoor,category_swapped,400,0.871359646320343,0.9715874424429077,correct
book06_indoor,category_swapped,450,0.8770844340324402,0.9217337548317763,correct
book06_indoor,category_swapped,500,0.9080774188041687,0.8806783123899721,correct
book06_indoor,category_swapped,550,0.8981348276138306,0.9014925414318016,correct
book06_indoor,category_swapped,600,0.8557077050209045,0.909909617946948,correct
book06_indoor,category_swapped,750,0.8630878329277039,,invalid_gt
book06_indoor,category_swapped,800,0.891828179359436,,invalid_gt
book06_indoor,category_swapped,850,0.7741758227348328,,invalid_gt
book06_indoor,category_swapped,1000,0.8318124413490295,0.900999465327326,correct
book06_indoor,category_swapped,1100,0.8811517357826233,0.9026591153670033,correct
book06_indoor,category_swapped,1150,0.8826079964637756,0.8928046034128135,correct
book06_indoor,category_swapped,1200,0.8805289268493652,0.024681362813344605,severe
book06_indoor,category_swapped,1250,0.9177574515342712,0.07914361300121839,severe
book06_indoor,category_swapped,1300,0.7993781566619873,0.9588710586050392,correct
book06_indoor,category_swapped,1350,0.8244085311889648,0.8763342517551553,correct
book06_indoor,category_swapped,1750,0.8630626797676086,0.8534067437155625,correct
book06_indoor,category_swapped,1800,0.924370288848877,0.9224536763534739,correct
book06_indoor,category_swapped,1900,0.8595194220542908,0.8166300442539072,correct
book06_indoor,M84_control,100,0.9298532009124756,0.90553054376046,correct
book06_indoor,M84_control,150,0.7868327498435974,0.8065862176033701,correct
book06_indoor,M84_control,200,0.9219009280204773,0.8490938145249947,correct
book06_indoor,M84_control,250,0.8827041983604431,0.9430578673322572,correct
book06_indoor,M84_control,350,0.8719388246536255,0.8922593943516226,correct
book06_indoor,M84_control,400,0.8398011326789856,0.9410091469851205,correct
book06_indoor,M84_control,450,0.8732539415359497,0.9128563925344265,correct
book06_indoor,M84_control,500,0.903606653213501,0.9071125716375266,correct
book06_indoor,M84_control,550,0.8864306211471558,0.8875564252062051,correct
book06_indoor,M84_control,600,0.8223601579666138,0.9170949714341651,correct
book06_indoor,M84_control,750,0.8657230138778687,,invalid_gt
book06_indoor,M84_control,800,0.8885928988456726,,invalid_gt
book06_indoor,M84_control,1000,0.8325880169868469,0.892632127898711,correct
book06_indoor,M84_control,1100,0.8794954419136047,0.8935808822402319,correct
book06_indoor,M84_control,1150,0.875830888748169,0.9070939548171045,correct
book06_indoor,M84_control,1200,0.849865734577179,0.02374221567389565,severe
book06_indoor,M84_control,1250,0.9163063168525696,0.07874310071476896,severe
book06_indoor,M84_control,1300,0.7793256044387817,0.920245234508254,correct
book06_indoor,M84_control,1350,0.8137030601501465,0.8886596741509527,correct
car01_indoor,category,50,0.8918755650520325,0.9385737804327532,correct
car01_indoor,category,450,0.9387203454971313,0.9703421119426162,correct
car01_indoor,category,500,0.9172965288162231,0.9165075186416813,correct
car01_indoor,category,550,0.7785409092903137,0.9356559646803846,correct
car01_indoor,category,600,0.9066585302352905,0.971786669662024,correct
car01_indoor,category,650,0.9063945412635803,0.8999647155492155,correct
car01_indoor,category,700,0.9393276572227478,0.9646823524586742,correct
car01_indoor,category,800,0.9346276521682739,0.9650991090901709,correct
car01_indoor,category,1500,0.9249347448348999,0.9622779501225805,correct
car01_indoor,category_empty,50,0.9008322358131409,0.9303027486698349,correct
car01_indoor,category_empty,450,0.9447824358940125,0.9679602144027959,correct
car01_indoor,category_empty,500,0.9200242757797241,0.9143160995106954,correct
car01_indoor,category_empty,550,0.7937716245651245,0.9357493886587033,correct
car01_indoor,category_empty,600,0.9046176075935364,0.9668915866933325,correct
car01_indoor,category_empty,650,0.9131046533584595,0.8952333464439806,correct
car01_indoor,category_empty,700,0.9389278292655945,0.9551205441853875,correct
car01_indoor,category_empty,800,0.9351218342781067,0.9642330444018861,correct
car01_indoor,category_empty,1500,0.9109126925468445,0.9564759192131872,correct
car01_indoor,category_swapped,50,0.9011437296867371,0.9343217822111156,correct
car01_indoor,category_swapped,450,0.9266589283943176,0.9735482354506618,correct
car01_indoor,category_swapped,500,0.9151087999343872,0.9106999803223863,correct
car01_indoor,category_swapped,600,0.9130908250808716,0.9614064377679903,correct
car01_indoor,category_swapped,650,0.8983073830604553,0.905496704481522,correct
car01_indoor,category_swapped,700,0.9319160580635071,0.9491506791035529,correct
car01_indoor,category_swapped,800,0.8886242508888245,0.9674240443549265,correct
car01_indoor,category_swapped,1500,0.9190869331359863,0.9510821252777024,correct
car01_indoor,M84_control,50,0.9092159271240234,0.9455459899194525,correct
car01_indoor,M84_control,400,0.9405524730682373,0.972901207927297,correct
car01_indoor,M84_control,450,0.9470404386520386,0.9707482733300486,correct
car01_indoor,M84_control,500,0.9167616963386536,0.9136104230862224,correct
car01_indoor,M84_control,550,0.8068153858184814,0.928274858746409,correct
car01_indoor,M84_control,600,0.9135773777961731,0.9723492252124583,correct
car01_indoor,M84_control,650,0.9118053913116455,0.8993063317119475,correct
car01_indoor,M84_control,700,0.9364632964134216,0.9583407944558365,correct
car01_indoor,M84_control,800,0.9111812710762024,0.9721904309179368,correct
car01_indoor,M84_control,1500,0.9131175875663757,0.9614649470582766,correct
car02_indoor,category,50,0.8524721264839172,0.9660225951854345,correct
car02_indoor,category,100,0.9180259108543396,0.9447883112097284,correct
car02_indoor,category,200,0.7752201557159424,0.9322586746855429,correct
car02_indoor,category_empty,50,0.8373704552650452,0.9632609897691445,correct
car02_indoor,category_empty,100,0.9194663763046265,0.9609910201572768,correct
car02_indoor,category_empty,200,0.7710661888122559,0.9345498971199099,correct
car02_indoor,category_empty,350,0.9200559854507446,0.9384007633822501,correct
car02_indoor,category_empty,450,0.9430530667304993,0.9278446890049028,correct
car02_indoor,category_empty,500,0.9483604431152344,0.9108506731245529,correct
car02_indoor,category_swapped,50,0.8662673830986023,0.9590677225901706,correct
car02_indoor,category_swapped,100,0.9205300807952881,0.944959882935778,correct
car02_indoor,category_swapped,200,0.7599183917045593,0.952975976477633,correct
car02_indoor,M84_control,50,0.8488420844078064,0.9654369384020782,correct
car02_indoor,M84_control,100,0.9243772029876709,0.9663278014537484,correct
car02_indoor,M84_control,200,0.7766863107681274,0.8920894709945206,correct
colacan01_indoor,category,250,0.8109223246574402,0.8815488561042576,correct
colacan01_indoor,category,1500,0.9039030075073242,0.9697109104693085,correct
colacan01_indoor,category,2950,0.8048227429389954,0.8820176183747203,correct
colacan01_indoor,category,3000,0.7700889110565186,0.8639167293602067,correct
colacan01_indoor,category_empty,50,0.7768503427505493,0.7668427748930812,correct
colacan01_indoor,category_empty,100,0.8404871225357056,0.8040053826109272,correct
colacan01_indoor,category_empty,150,0.8461741209030151,0.9484441077560061,correct
colacan01_indoor,category_empty,250,0.832668662071228,0.9202904166423134,correct
colacan01_indoor,category_empty,1350,0.8578678369522095,0.0,severe
colacan01_indoor,category_empty,1400,0.8277623653411865,0.0,severe
colacan01_indoor,category_empty,1450,0.8524931073188782,0.0,severe
colacan01_indoor,category_empty,1500,0.8707928657531738,0.0,severe
colacan01_indoor,category_empty,2050,0.8188846707344055,0.0,severe
colacan01_indoor,category_swapped,250,0.765991747379303,0.9131517830522045,correct
colacan01_indoor,category_swapped,1500,0.9025890231132507,0.9683627308791569,correct
colacan01_indoor,M84_control,250,0.76484215259552,0.9407771283730813,correct
colacan01_indoor,M84_control,1500,0.8962609171867371,0.9670672338244326,correct
colacan01_indoor,M84_control,1700,0.7523148059844971,0.9169863420369085,correct
colacan04_indoor,category,50,0.8544831275939941,0.9115847411962879,correct
colacan04_indoor,category,200,0.9335269331932068,0.9468262708463114,correct
colacan04_indoor,category,350,0.8021154999732971,0.9256525706842078,correct
colacan04_indoor,category,500,0.891810953617096,0.9379928229609555,correct
colacan04_indoor,category_empty,50,0.8582436442375183,0.9292799416877453,correct
colacan04_indoor,category_empty,200,0.9340237379074097,0.9457180293317754,correct
colacan04_indoor,category_empty,350,0.7711068987846375,0.0,severe
colacan04_indoor,category_empty,650,0.8981243371963501,,invalid_gt
colacan04_indoor,category_empty,700,0.8502089381217957,0.0,severe
colacan04_indoor,category_swapped,50,0.8318484425544739,0.8918539079196045,correct
colacan04_indoor,category_swapped,500,0.8886575102806091,0.9644186655460278,correct
colacan04_indoor,M84_control,50,0.8506955504417419,0.9175208229106533,correct
colacan04_indoor,M84_control,200,0.9354828000068665,0.9366246578352291,correct
colacan04_indoor,M84_control,400,0.784643292427063,,invalid_gt
colacan04_indoor,M84_control,450,0.9403960108757019,,invalid_gt
colacan04_indoor,M84_control,500,0.9378713369369507,0.0,severe
colacan04_indoor,M84_control,550,0.8492372632026672,0.0,severe
colacan04_indoor,M84_control,600,0.9386449456214905,,invalid_gt
colacan04_indoor,M84_control,650,0.939166784286499,,invalid_gt
colacan04_indoor,M84_control,700,0.8111434578895569,0.18199712811618185,intermediate
colacan04_indoor,M84_control,750,0.9279342889785767,,invalid_gt
colacan04_indoor,M84_control,800,0.9408911466598511,,invalid_gt
colacan04_indoor,M84_control,850,0.9385296106338501,,invalid_gt
colacan04_indoor,M84_control,900,0.940214216709137,,invalid_gt
colacan04_indoor,M84_control,950,0.9403371214866638,,invalid_gt
colacan04_indoor,M84_control,1000,0.9404700398445129,,invalid_gt
container01_indoor,category,50,0.9386758804321289,0.9569968373002115,correct
container01_indoor,category,100,0.9436609148979187,0.9451673082337172,correct
container01_indoor,category,150,0.9399772882461548,0.9609299546340754,correct
container01_indoor,category,200,0.9553103446960449,0.9476463620302857,correct
container01_indoor,category,250,0.902728796005249,0.8857619562510048,correct
container01_indoor,category,300,0.9558030962944031,0.9454880214476162,correct
container01_indoor,category,350,0.9450324177742004,0.9092045680853628,correct
container01_indoor,category,400,0.9492400288581848,0.9715258255696744,correct
container01_indoor,category,450,0.7944605350494385,,invalid_gt
container01_indoor,category,550,0.9572874307632446,0.9063742865230018,correct
container01_indoor,category,600,0.8321818709373474,0.8871630315758278,correct
container01_indoor,category,700,0.9387624859809875,0.9653354168630778,correct
container01_indoor,category_empty,50,0.9404277205467224,0.9524224276477284,correct
container01_indoor,category_empty,100,0.9436473250389099,0.9424122023274831,correct
container01_indoor,category_empty,150,0.9461395740509033,0.9458243162468745,correct
container01_indoor,category_empty,200,0.958244264125824,0.94299541049347,correct
container01_indoor,category_empty,250,0.9275209307670593,0.9033789669280733,correct
container01_indoor,category_empty,300,0.9595751762390137,0.9616913385288625,correct
container01_indoor,category_empty,350,0.9512104988098145,0.943518583592765,correct
container01_indoor,category_empty,400,0.9524909853935242,0.9520559962304678,correct
container01_indoor,category_empty,550,0.9581752419471741,0.9112298161179169,correct
container01_indoor,category_empty,600,0.8293434977531433,0.8763703345923358,correct
container01_indoor,category_empty,650,0.9201558828353882,0.9068971975868789,correct
container01_indoor,category_empty,700,0.9450020790100098,0.9604291905853707,correct
container01_indoor,category_swapped,50,0.9402427673339844,0.9668957502634815,correct
container01_indoor,category_swapped,100,0.9448232054710388,0.9386157729415897,correct
container01_indoor,category_swapped,150,0.9420158267021179,0.9486088003993077,correct
container01_indoor,category_swapped,200,0.9553772807121277,0.9514326597190776,correct
container01_indoor,category_swapped,250,0.9068202376365662,0.8975938186743524,correct
container01_indoor,category_swapped,300,0.9564691185951233,0.9479143767175081,correct
container01_indoor,category_swapped,350,0.9447917342185974,0.9353099719546509,correct
container01_indoor,category_swapped,400,0.9525893926620483,0.9524959346544397,correct
container01_indoor,category_swapped,550,0.9566052556037903,0.8945028694357453,correct
container01_indoor,category_swapped,600,0.8239097595214844,0.8811542294069935,correct
container01_indoor,category_swapped,650,0.91990727186203,0.9161384800383815,correct
container01_indoor,category_swapped,700,0.942249596118927,0.9657186702642871,correct
container01_indoor,M84_control,50,0.9335013628005981,0.9474861911177455,correct
container01_indoor,M84_control,100,0.9416317939758301,0.9396393168049318,correct
container01_indoor,M84_control,150,0.9386734962463379,0.9527963960699277,correct
container01_indoor,M84_control,200,0.9542111754417419,0.9517952609126192,correct
container01_indoor,M84_control,250,0.886042058467865,0.8585601825611348,correct
container01_indoor,M84_control,300,0.9547744393348694,0.9560862787358785,correct
container01_indoor,M84_control,350,0.9443115592002869,0.9194084089441626,correct
container01_indoor,M84_control,400,0.9484333395957947,0.9668477346719209,correct
container01_indoor,M84_control,550,0.9567365646362305,0.9056495904004923,correct
container01_indoor,M84_control,600,0.8270149230957031,0.8899657602112352,correct
container01_indoor,M84_control,650,0.9174826145172119,0.9117256424573648,correct
container01_indoor,M84_control,700,0.9356513023376465,0.9641060103034582,correct
cup08_indoor,category,50,0.8441714644432068,0.9371438356566266,correct
cup08_indoor,category,100,0.8956493139266968,0.9202807813413622,correct
cup08_indoor,category,200,0.9004178643226624,0.8502715809915123,correct
cup08_indoor,category,400,0.8970386385917664,0.8016462130403067,correct
cup08_indoor,category,450,0.9151411652565002,0.9513093016490404,correct
cup08_indoor,category,500,0.7730335593223572,0.9523516864597446,correct
cup08_indoor,category,650,0.8933066129684448,0.8976595796709088,correct
cup08_indoor,category,700,0.8564171195030212,0.9243223186297177,correct
cup08_indoor,category,800,0.8638672232627869,0.8789874763791392,correct
cup08_indoor,category,850,0.890265941619873,0.956050815326046,correct
cup08_indoor,category,900,0.8709622621536255,0.9229531264070605,correct
cup08_indoor,category,950,0.8412864804267883,0.8534510240655261,correct
cup08_indoor,category,1000,0.9060170650482178,0.9278415516285322,correct
cup08_indoor,category,1050,0.8781132102012634,0.9184327436753228,correct
cup08_indoor,category,1100,0.8925188183784485,0.8957075518877877,correct
cup08_indoor,category,1150,0.8486806154251099,0.9523919789907265,correct
cup08_indoor,category,1200,0.8894755840301514,0.9131712923304705,correct
cup08_indoor,category,1250,0.8621098399162292,0.9485910382821865,correct
cup08_indoor,category,1300,0.8734238147735596,0.9088342798392838,correct
cup08_indoor,category,1350,0.903619647026062,0.8874681736181517,correct
cup08_indoor,category,1400,0.8172386288642883,0.9364747147883822,correct
cup08_indoor,category,1450,0.8906351327896118,0.9616734137746081,correct
cup08_indoor,category_empty,50,0.8461868166923523,0.944105501598851,correct
cup08_indoor,category_empty,100,0.8863358497619629,0.9226130191296725,correct
cup08_indoor,category_empty,200,0.9040542244911194,0.8382490252007212,correct
cup08_indoor,category_empty,400,0.9116569757461548,0.8282611409470609,correct
cup08_indoor,category_empty,450,0.9255618453025818,0.9540517420163142,correct
cup08_indoor,category_empty,500,0.836030900478363,0.9413192384209467,correct
cup08_indoor,category_empty,650,0.9091354608535767,0.8889959105677386,correct
cup08_indoor,category_empty,700,0.8470694422721863,0.9170675758226857,correct
cup08_indoor,category_empty,750,0.8749868869781494,0.0,severe
cup08_indoor,category_empty,800,0.9245849251747131,0.0,severe
cup08_indoor,category_empty,900,0.8804358839988708,0.9092341583821045,correct
cup08_indoor,category_empty,950,0.8277215957641602,0.8682450553635283,correct
cup08_indoor,category_empty,1000,0.9193963408470154,0.949082547516862,correct
cup08_indoor,category_empty,1050,0.8770985007286072,0.9228989197016911,correct
cup08_indoor,category_empty,1100,0.9011240601539612,0.9759305680708095,correct
cup08_indoor,category_empty,1150,0.8363330960273743,0.9772777962523813,correct
cup08_indoor,category_empty,1200,0.9012011289596558,0.9349920753212517,correct
cup08_indoor,category_empty,1250,0.8745946288108826,0.9629801630163612,correct
cup08_indoor,category_empty,1300,0.9081912636756897,0.9308193535903809,correct
cup08_indoor,category_empty,1350,0.9208704829216003,0.9175556970017017,correct
cup08_indoor,category_empty,1400,0.7936738729476929,0.9457774731756883,correct
cup08_indoor,category_empty,1450,0.9046827554702759,0.9434395665285757,correct
cup08_indoor,category_swapped,50,0.8333213329315186,0.9358519055376484,correct
cup08_indoor,category_swapped,100,0.8964838981628418,0.968599423757319,correct
cup08_indoor,category_swapped,200,0.8903822302818298,0.8311662443420904,correct
cup08_indoor,category_swapped,400,0.9018297791481018,0.8343638609727752,correct
cup08_indoor,category_swapped,450,0.9167529344558716,0.9466581003149839,correct
cup08_indoor,category_swapped,500,0.8500995635986328,0.9510540948342581,correct
cup08_indoor,category_swapped,650,0.8962931036949158,0.9000054159672416,correct
cup08_indoor,category_swapped,700,0.8015382289886475,0.9661010487012911,correct
cup08_indoor,category_swapped,800,0.8699904680252075,0.8815445836258743,correct
cup08_indoor,category_swapped,850,0.8870624899864197,0.9296725747109396,correct
cup08_indoor,category_swapped,900,0.868859052658081,0.8939139919536118,correct
cup08_indoor,category_swapped,1000,0.9064185619354248,0.9708614364829888,correct
cup08_indoor,category_swapped,1050,0.8748400807380676,0.9154637432567765,correct
cup08_indoor,category_swapped,1100,0.8939499855041504,0.9254999187006081,correct
cup08_indoor,category_swapped,1200,0.8813107013702393,0.8838526218425478,correct
cup08_indoor,category_swapped,1250,0.8547036051750183,0.924993264627814,correct
cup08_indoor,category_swapped,1300,0.888918399810791,0.9086084381108638,correct
cup08_indoor,category_swapped,1350,0.9010162353515625,0.8715457693089688,correct
cup08_indoor,category_swapped,1400,0.8214400410652161,0.8878217184869601,correct
cup08_indoor,category_swapped,1450,0.8916120529174805,0.9317526900983447,correct
cup08_indoor,M84_control,50,0.8157666921615601,0.9254197274355794,correct
cup08_indoor,M84_control,100,0.8737707138061523,0.9383825988700056,correct
cup08_indoor,M84_control,200,0.8797308802604675,0.8491503721285463,correct
cup08_indoor,M84_control,400,0.8724458813667297,0.8047513944456812,correct
cup08_indoor,M84_control,450,0.9100885987281799,0.9465813898044415,correct
cup08_indoor,M84_control,500,0.8136574625968933,0.9596898999339842,correct
cup08_indoor,M84_control,650,0.8940224647521973,0.8976036721863959,correct
cup08_indoor,M84_control,700,0.8697980046272278,0.9396633644796464,correct
cup08_indoor,M84_control,800,0.8491103053092957,0.8775498626122359,correct
cup08_indoor,M84_control,850,0.8736589550971985,0.9405904194286712,correct
cup08_indoor,M84_control,900,0.8463190197944641,0.925338517807451,correct
cup08_indoor,M84_control,950,0.8287717700004578,0.8284357987000269,correct
cup08_indoor,M84_control,1000,0.9004765748977661,0.9442008970322885,correct
cup08_indoor,M84_control,1050,0.8693537712097168,0.9074602583154233,correct
cup08_indoor,M84_control,1100,0.8879009485244751,0.9162114135414461,correct
cup08_indoor,M84_control,1150,0.8293642401695251,0.9408321652469777,correct
cup08_indoor,M84_control,1200,0.8784079551696777,0.8849971980238578,correct
cup08_indoor,M84_control,1250,0.8175383806228638,0.9119657603554455,correct
cup08_indoor,M84_control,1300,0.8519009351730347,0.9178682813465825,correct
cup08_indoor,M84_control,1350,0.9044227004051208,0.8982555431743948,correct
cup08_indoor,M84_control,1400,0.8157311081886292,0.9047427904748399,correct
cup08_indoor,M84_control,1450,0.8834229707717896,0.9531495865557694,correct
cup10_indoor,category,50,0.897366464138031,0.9136036564772441,correct
cup10_indoor,category,100,0.9434078931808472,0.9838311232473987,correct
cup10_indoor,category,150,0.9443209767341614,0.9504180251825312,correct
cup10_indoor,category,200,0.868307888507843,0.9421259216813784,correct
cup10_indoor,category,250,0.7751299738883972,0.8919242921741775,correct
cup10_indoor,category,300,0.7728682160377502,0.925386270650428,correct
cup10_indoor,category,350,0.93777996301651,0.9459794868220651,correct
cup10_indoor,category,400,0.872603714466095,0.7665471208591124,correct
cup10_indoor,category,500,0.8154361248016357,0.8666842294186701,correct
cup10_indoor,category,550,0.9107965230941772,0.9685932543455449,correct
cup10_indoor,category,600,0.9394352436065674,0.9413943629043989,correct
cup10_indoor,category,650,0.9270373582839966,0.9676383499793794,correct
cup10_indoor,category,700,0.9198426604270935,0.9357547051082714,correct
cup10_indoor,category,750,0.9453982710838318,0.956037244179142,correct
cup10_indoor,category,800,0.9410657286643982,0.9509042884966125,correct
cup10_indoor,category,850,0.9410043358802795,0.9692712037014127,correct
cup10_indoor,category,900,0.9425920844078064,0.932043353946912,correct
cup10_indoor,category,950,0.8204318284988403,0.8453874652532676,correct
cup10_indoor,category,1050,0.8981257677078247,0.9086016873933567,correct
cup10_indoor,category,1100,0.8948378562927246,0.8838866787555636,correct
cup10_indoor,category,1200,0.8298301100730896,0.8928239250467253,correct
cup10_indoor,category,1300,0.9461531043052673,0.9612690696475397,correct
cup10_indoor,category,1350,0.9392607808113098,0.9485671015197782,correct
cup10_indoor,category,1400,0.9344834685325623,0.916794587450278,correct
cup10_indoor,category,1450,0.9491289258003235,0.9033815355425708,correct
cup10_indoor,category,1500,0.9362225532531738,0.9107541944034208,correct
cup10_indoor,category,1550,0.9412044286727905,0.8928174871453715,correct
cup10_indoor,category,1600,0.9445030689239502,0.9032747655112495,correct
cup10_indoor,category,1650,0.8851633071899414,0.8853520966143557,correct
cup10_indoor,category,1700,0.8849369287490845,0.9367143107623807,correct
cup10_indoor,category,1750,0.8995765447616577,0.9241035937645742,correct
cup10_indoor,category,1850,0.8658065795898438,0.9558450252892186,correct
cup10_indoor,category,1900,0.8510953783988953,0.9271053043901186,correct
cup10_indoor,category,2000,0.8341444730758667,0.198720418307128,intermediate
cup10_indoor,category,2050,0.8970969319343567,0.5763148567221628,correct
cup10_indoor,category,2100,0.8508630394935608,0.5117046510185908,correct
cup10_indoor,category_empty,50,0.9175271987915039,0.9538629889870555,correct
cup10_indoor,category_empty,100,0.94303959608078,0.986940626074582,correct
cup10_indoor,category_empty,150,0.9475278258323669,0.9549455047099337,correct
cup10_indoor,category_empty,200,0.8905813097953796,0.9631260427565512,correct
cup10_indoor,category_empty,250,0.8220863342285156,0.857838116502742,correct
cup10_indoor,category_empty,350,0.9507943391799927,0.9487316972687102,correct
cup10_indoor,category_empty,400,0.8944802284240723,0.7611268441685174,correct
cup10_indoor,category_empty,500,0.8798068761825562,0.8668918998775679,correct
cup10_indoor,category_empty,550,0.9367382526397705,0.9722938011704976,correct
cup10_indoor,category_empty,600,0.9450490474700928,0.9231478012454137,correct
cup10_indoor,category_empty,650,0.9436488747596741,0.9631136580643127,correct
cup10_indoor,category_empty,700,0.9268844723701477,0.919473007137194,correct
cup10_indoor,category_empty,750,0.952660083770752,0.9455143587044185,correct
cup10_indoor,category_empty,800,0.9444166421890259,0.9605147639576815,correct
cup10_indoor,category_empty,850,0.9438645243644714,0.9767335084126348,correct
cup10_indoor,category_empty,900,0.9418950080871582,0.9445817354990182,correct
cup10_indoor,category_empty,950,0.8326550126075745,0.8315365202759787,correct
cup10_indoor,category_empty,1050,0.9141010046005249,0.9003473345248048,correct
cup10_indoor,category_empty,1100,0.9106844067573547,0.8884186029374489,correct
cup10_indoor,category_empty,1200,0.8376270532608032,0.8800821705475164,correct
cup10_indoor,category_empty,1300,0.9424962401390076,0.9605677846320922,correct
cup10_indoor,category_empty,1350,0.9458988904953003,0.961218970666546,correct
cup10_indoor,category_empty,1400,0.9433311820030212,0.9282986662676751,correct
cup10_indoor,category_empty,1450,0.9458937644958496,0.9243745956353062,correct
cup10_indoor,category_empty,1500,0.9531441330909729,0.9183543503347413,correct
cup10_indoor,category_empty,1550,0.9517058730125427,0.9123296386486581,correct
cup10_indoor,category_empty,1600,0.9527068138122559,0.9151824456658925,correct
cup10_indoor,category_empty,1650,0.9197136163711548,0.9085220490642358,correct
cup10_indoor,category_empty,1700,0.9050099849700928,0.9154138919374073,correct
cup10_indoor,category_empty,1750,0.8999677896499634,0.9203032232685594,correct
cup10_indoor,category_empty,1800,0.9059945344924927,,invalid_gt
cup10_indoor,category_empty,1850,0.8973730206489563,0.0,severe
cup10_indoor,category_empty,1900,0.8642342686653137,0.8985164129448645,correct
cup10_indoor,category_empty,1950,0.8047878742218018,0.8629839211261011,correct
cup10_indoor,category_empty,2000,0.8498221039772034,0.95951537329915,correct
cup10_indoor,category_empty,2100,0.7584295868873596,0.9748889760267668,correct
cup10_indoor,category_empty,2150,0.776938796043396,0.9473975915391818,correct
cup10_indoor,category_swapped,50,0.902898907661438,0.9366776376793005,correct
cup10_indoor,category_swapped,100,0.9409475922584534,0.9684322249108356,correct
cup10_indoor,category_swapped,150,0.9452037811279297,0.9428618103415539,correct
cup10_indoor,category_swapped,200,0.8697808384895325,0.9211201465048068,correct
cup10_indoor,category_swapped,250,0.7705665826797485,0.8918685582657857,correct
cup10_indoor,category_swapped,300,0.8025524616241455,0.9133231611489623,correct
cup10_indoor,category_swapped,350,0.9406304359436035,0.9403687867387495,correct
cup10_indoor,category_swapped,400,0.8689422011375427,0.7603451852642247,correct
cup10_indoor,category_swapped,500,0.8170948028564453,0.873121264200733,correct
cup10_indoor,category_swapped,550,0.9240854978561401,0.9719011638320076,correct
cup10_indoor,category_swapped,600,0.9400948286056519,0.9460938281842804,correct
cup10_indoor,category_swapped,650,0.931050181388855,0.9685357490629242,correct
cup10_indoor,category_swapped,700,0.9216412305831909,0.9314294183319272,correct
cup10_indoor,category_swapped,750,0.9471552968025208,0.9646022754557652,correct
cup10_indoor,category_swapped,800,0.9428961277008057,0.9701551395151929,correct
cup10_indoor,category_swapped,850,0.9415560960769653,0.9702715220309277,correct
cup10_indoor,category_swapped,900,0.9337103962898254,0.9479141430506676,correct
cup10_indoor,category_swapped,950,0.8219239115715027,0.857244565365739,correct
cup10_indoor,category_swapped,1050,0.8933227062225342,0.9060311635646477,correct
cup10_indoor,category_swapped,1100,0.9001718163490295,0.8680123149915356,correct
cup10_indoor,category_swapped,1200,0.8269550204277039,0.9061286695793415,correct
cup10_indoor,category_swapped,1300,0.9473845958709717,0.9480239529799729,correct
cup10_indoor,category_swapped,1350,0.9438199400901794,0.966036834736629,correct
cup10_indoor,category_swapped,1400,0.9491137862205505,0.9163308056002387,correct
cup10_indoor,category_swapped,1450,0.9506363272666931,0.9038031014519833,correct
cup10_indoor,category_swapped,1500,0.9412407875061035,0.9126220044454226,correct
cup10_indoor,category_swapped,1550,0.9333223104476929,0.9108198385345005,correct
cup10_indoor,category_swapped,1600,0.9340704679489136,0.8885250484193494,correct
cup10_indoor,category_swapped,1650,0.8885132670402527,0.9217664225255224,correct
cup10_indoor,category_swapped,1700,0.8920866250991821,0.9426504273967166,correct
cup10_indoor,category_swapped,1750,0.9009554386138916,0.927023090868456,correct
cup10_indoor,category_swapped,1900,0.8341603875160217,0.8970494611885258,correct
cup10_indoor,category_swapped,2050,0.8864349722862244,0.59739913927818,correct
cup10_indoor,category_swapped,2100,0.8285950422286987,0.5166010485090031,correct
cup10_indoor,M84_control,50,0.8983758687973022,0.952114955359482,correct
cup10_indoor,M84_control,100,0.9407201409339905,0.95574441955279,correct
cup10_indoor,M84_control,150,0.9401587843894958,0.9558283043252427,correct
cup10_indoor,M84_control,200,0.8172827959060669,0.9196709127234595,correct
cup10_indoor,M84_control,300,0.7935791015625,0.932748423471061,correct
cup10_indoor,M84_control,350,0.9253716468811035,0.9585106781186495,correct
cup10_indoor,M84_control,400,0.8521056771278381,0.7654420347129446,correct
cup10_indoor,M84_control,500,0.7800279259681702,0.8805791947569708,correct
cup10_indoor,M84_control,550,0.9050635695457458,0.9644089815070286,correct
cup10_indoor,M84_control,600,0.9340928196907043,0.9455231446469456,correct
cup10_indoor,M84_control,650,0.924079418182373,0.9760162302626056,correct
cup10_indoor,M84_control,700,0.9199287295341492,0.9475039584007603,correct
cup10_indoor,M84_control,750,0.9454453587532043,0.9596140273386308,correct
cup10_indoor,M84_control,800,0.9380667209625244,0.9431678403021071,correct
cup10_indoor,M84_control,850,0.9393044710159302,0.9642222490764479,correct
cup10_indoor,M84_control,900,0.9301612973213196,0.9468494185320857,correct
cup10_indoor,M84_control,950,0.8177338242530823,0.8212882177432345,correct
cup10_indoor,M84_control,1050,0.8944329619407654,0.8951954417759272,correct
cup10_indoor,M84_control,1100,0.877787172794342,0.895323842106652,correct
cup10_indoor,M84_control,1200,0.8220959901809692,0.8818825955444287,correct
cup10_indoor,M84_control,1300,0.9356411099433899,0.9618706584293772,correct
cup10_indoor,M84_control,1350,0.9350615739822388,0.9569135367203232,correct
cup10_indoor,M84_control,1400,0.9358998537063599,0.9212025399354169,correct
cup10_indoor,M84_control,1450,0.9343826770782471,0.9089544305058194,correct
cup10_indoor,M84_control,1500,0.9321718811988831,0.9019650485363914,correct
cup10_indoor,M84_control,1550,0.9382679462432861,0.9042225263021448,correct
cup10_indoor,M84_control,1600,0.9278796315193176,0.8920919966457049,correct
cup10_indoor,M84_control,1650,0.8790487051010132,0.8959918884037025,correct
cup10_indoor,M84_control,1700,0.881493866443634,0.9614448699225808,correct
cup10_indoor,M84_control,1750,0.8876601457595825,0.9119539270723326,correct
cup10_indoor,M84_control,1850,0.8556566834449768,0.9562582211019303,correct
cup10_indoor,M84_control,1900,0.7747359871864319,0.9109053713397558,correct
cup10_indoor,M84_control,2000,0.8170092105865479,0.1890145743110754,intermediate
cup10_indoor,M84_control,2050,0.880723774433136,0.5858348625240077,correct
cup10_indoor,M84_control,2100,0.8187585473060608,0.513371016632403,correct
cup13_indoor,category,50,0.7994025349617004,0.8077208527541008,correct
cup13_indoor,category,100,0.7999712824821472,0.7958498072208061,correct
cup13_indoor,category,1400,0.7557634115219116,0.7918728992598392,correct
cup13_indoor,category,1600,0.7916681170463562,0.888122631189702,correct
cup13_indoor,category_empty,50,0.8337580561637878,0.7799235822757014,correct
cup13_indoor,category_empty,100,0.8207473158836365,0.7802164963192787,correct
cup13_indoor,category_empty,450,0.7982286214828491,0.8664543796225799,correct
cup13_indoor,category_empty,1100,0.7619503736495972,0.8811360980431223,correct
cup13_indoor,category_empty,1400,0.8226001262664795,0.7387376449783577,correct
cup13_indoor,category_empty,1500,0.7773633599281311,0.8017682810825276,correct
cup13_indoor,category_empty,1600,0.7939888834953308,0.8453392814788262,correct
cup13_indoor,category_swapped,50,0.8027140498161316,0.810664794015415,correct
cup13_indoor,category_swapped,100,0.781200110912323,0.7866274539614602,correct
cup13_indoor,category_swapped,1400,0.7939075231552124,0.774489041153074,correct
cup13_indoor,category_swapped,1600,0.7947189211845398,0.8469212828632627,correct
cup13_indoor,M84_control,50,0.758219301700592,0.7962289435993698,correct
cup13_indoor,M84_control,1400,0.8157827258110046,0.7806177259054704,correct
egg_indoor,category,850,0.8340050578117371,0.785344701816169,correct
egg_indoor,category,900,0.7971627712249756,0.9182385774958489,correct
egg_indoor,category,950,0.8244494795799255,0.7821738475375359,correct
egg_indoor,category,1050,0.8927284479141235,0.9431410128941545,correct
egg_indoor,category,1100,0.7982767820358276,0.8266427230876869,correct
egg_indoor,category,1150,0.7853606343269348,0.9353036811821578,correct
egg_indoor,category,1300,0.7858104705810547,0.9416646657476624,correct
egg_indoor,category,1400,0.797515332698822,0.9438426177862973,correct
egg_indoor,category,1450,0.810691237449646,0.9234855465626046,correct
egg_indoor,category,1500,0.8325867056846619,0.9296937123170035,correct
egg_indoor,category,1550,0.8840745687484741,0.9430129087333655,correct
egg_indoor,category,1600,0.8815105557441711,0.967387660322149,correct
egg_indoor,category,1650,0.7743372321128845,0.9324912825369133,correct
egg_indoor,category,1800,0.783840537071228,0.9627088163537777,correct
egg_indoor,category,1850,0.8717893958091736,0.9382662932233283,correct
egg_indoor,category,2050,0.7549426555633545,0.8749085667484259,correct
egg_indoor,category,2200,0.8293471932411194,0.9270407985639706,correct
egg_indoor,category,2250,0.7615612149238586,0.9264996718857771,correct
egg_indoor,category,2350,0.8916588425636292,0.8783037409994252,correct
egg_indoor,category,2750,0.8764696717262268,0.9197934606619788,correct
egg_indoor,category,2800,0.883672297000885,0.8922045611686651,correct
egg_indoor,category,2850,0.8320824503898621,0.8534538062962226,correct
egg_indoor,category,2950,0.7565364837646484,0.8364119285625186,correct
egg_indoor,category,3000,0.7565131783485413,0.7944541967311157,correct
egg_indoor,category,3050,0.8771262168884277,0.8818362792705907,correct
egg_indoor,category,3100,0.8381450772285461,0.8711948143420446,correct
egg_indoor,category_empty,850,0.879749059677124,0.8171046246585418,correct
egg_indoor,category_empty,900,0.8774710893630981,0.9313758892716592,correct
egg_indoor,category_empty,950,0.8455480337142944,0.8236133743336614,correct
egg_indoor,category_empty,1000,0.819995105266571,0.8799209856481633,correct
egg_indoor,category_empty,1050,0.9043181538581848,0.9228148022203703,correct
egg_indoor,category_empty,1100,0.8484160304069519,0.8427945441364242,correct
egg_indoor,category_empty,1150,0.8342602849006653,0.9548907373647841,correct
egg_indoor,category_empty,1300,0.8363792896270752,0.9596293265438888,correct
egg_indoor,category_empty,1400,0.9037961959838867,0.9112725088997269,correct
egg_indoor,category_empty,1450,0.9051817059516907,0.8801040232034477,correct
egg_indoor,category_empty,1500,0.8998351097106934,0.9549222285952074,correct
egg_indoor,category_empty,1550,0.9164780378341675,0.9265689084781116,correct
egg_indoor,category_empty,1600,0.9177195429801941,0.9678232475683407,correct
egg_indoor,category_empty,1650,0.8455525636672974,0.9148422902491927,correct
egg_indoor,category_empty,1750,0.8150874376296997,0.9101171009582952,correct
egg_indoor,category_empty,1800,0.8825832605361938,0.9414877983486896,correct
egg_indoor,category_empty,1850,0.9120715856552124,0.9433506645662344,correct
egg_indoor,category_empty,1950,0.7654327154159546,0.8553128538447291,correct
egg_indoor,category_empty,2050,0.7666081786155701,0.8694024561137915,correct
egg_indoor,category_empty,2100,0.8459022045135498,0.8268620823086262,correct
egg_indoor,category_empty,2200,0.8524683117866516,0.9515157370273848,correct
egg_indoor,category_empty,2300,0.8428388237953186,0.8443821944993745,correct
egg_indoor,category_empty,2350,0.9020375609397888,0.8622566962029018,correct
egg_indoor,category_empty,2550,0.7666891813278198,0.7909594499902398,correct
egg_indoor,category_empty,2700,0.806708574295044,0.9446155367182445,correct
egg_indoor,category_empty,2750,0.9109671711921692,0.9129114022694862,correct
egg_indoor,category_empty,2800,0.9236051440238953,0.9021372989071309,correct
egg_indoor,category_empty,2850,0.8011153936386108,0.8407183480442336,correct
egg_indoor,category_empty,2950,0.852347731590271,0.8338874856138532,correct
egg_indoor,category_empty,3000,0.829622745513916,0.8162520953712453,correct
egg_indoor,category_empty,3050,0.9243524670600891,0.8927124205499446,correct
egg_indoor,category_empty,3100,0.9144514203071594,0.8774440582269989,correct
egg_indoor,category_empty,3500,0.847915530204773,0.8936141223296659,correct
egg_indoor,category_swapped,850,0.8695899248123169,0.7911730196437824,correct
egg_indoor,category_swapped,900,0.8681563138961792,0.9228069155582378,correct
egg_indoor,category_swapped,950,0.8381211161613464,0.7943454419822273,correct
egg_indoor,category_swapped,1000,0.787278950214386,0.875208378001419,correct
egg_indoor,category_swapped,1050,0.8970107436180115,0.8943761848236301,correct
egg_indoor,category_swapped,1100,0.7890145182609558,0.8652278382060833,correct
egg_indoor,category_swapped,1150,0.8127766847610474,0.9471134457348374,correct
egg_indoor,category_swapped,1400,0.8763382434844971,0.9269422001817224,correct
egg_indoor,category_swapped,1450,0.8842470049858093,0.9187816548132985,correct
egg_indoor,category_swapped,1500,0.8358426094055176,0.927793572551027,correct
egg_indoor,category_swapped,1550,0.8981239795684814,0.9411997773075009,correct
egg_indoor,category_swapped,1600,0.8979183435440063,0.9642041617512083,correct
egg_indoor,category_swapped,1650,0.8131346106529236,0.9127069062655095,correct
egg_indoor,category_swapped,1800,0.8120841383934021,0.9566975699680856,correct
egg_indoor,category_swapped,1850,0.8963319659233093,0.9729371349699879,correct
egg_indoor,category_swapped,2100,0.78009033203125,0.8439969924139857,correct
egg_indoor,category_swapped,2200,0.8532265424728394,0.9494446916624141,correct
egg_indoor,category_swapped,2250,0.8676197528839111,0.9090131789610952,correct
egg_indoor,category_swapped,2300,0.8024381995201111,0.8896393121610707,correct
egg_indoor,category_swapped,2350,0.8630373477935791,0.8568512337017854,correct
egg_indoor,category_swapped,2700,0.8046118021011353,0.896633103579123,correct
egg_indoor,category_swapped,2750,0.896641194820404,0.9100636172209386,correct
egg_indoor,category_swapped,2800,0.913951575756073,0.898832587719598,correct
egg_indoor,category_swapped,2850,0.8508407473564148,0.8493491306955463,correct
egg_indoor,category_swapped,2950,0.8148723244667053,0.833747289138529,correct
egg_indoor,category_swapped,3000,0.7833453416824341,0.756778413584921,correct
egg_indoor,category_swapped,3050,0.916551947593689,0.8749127540848601,correct
egg_indoor,category_swapped,3100,0.8858644962310791,0.8727423868263752,correct
egg_indoor,category_swapped,3500,0.8286042809486389,0.8883838691312,correct
egg_indoor,M84_control,850,0.8637701272964478,0.7963838589051427,correct
egg_indoor,M84_control,900,0.8515567779541016,0.9292894726973197,correct
egg_indoor,M84_control,950,0.8057143092155457,0.798723196221623,correct
egg_indoor,M84_control,1050,0.8961875438690186,0.9232721467665019,correct
egg_indoor,M84_control,1150,0.7764530181884766,0.9408356798384829,correct
egg_indoor,M84_control,1400,0.8243546485900879,0.9464193274671067,correct
egg_indoor,M84_control,1450,0.8572863340377808,0.9434720390968216,correct
egg_indoor,M84_control,1500,0.8621042370796204,0.9438824193921992,correct
egg_indoor,M84_control,1550,0.8975780606269836,0.962929999603393,correct
egg_indoor,M84_control,1600,0.8776551485061646,0.9694495769237066,correct
egg_indoor,M84_control,1650,0.786841630935669,0.9291499631756254,correct
egg_indoor,M84_control,1800,0.8045591115951538,0.9619161359153476,correct
egg_indoor,M84_control,1850,0.8625401854515076,0.9609259383017782,correct
egg_indoor,M84_control,2050,0.7635579109191895,0.8726312136794958,correct
egg_indoor,M84_control,2200,0.8346754312515259,0.94539599431052,correct
egg_indoor,M84_control,2250,0.7684057950973511,0.9038249636496132,correct
egg_indoor,M84_control,2350,0.8860572576522827,0.8708376892159748,correct
egg_indoor,M84_control,2700,0.7721660137176514,0.884224330812095,correct
egg_indoor,M84_control,2750,0.8777374625205994,0.9064833827065988,correct
egg_indoor,M84_control,2800,0.8873897790908813,0.895552549067507,correct
egg_indoor,M84_control,2850,0.8338477611541748,0.8510814512393113,correct
egg_indoor,M84_control,2950,0.7898982167243958,0.8341136139871855,correct
egg_indoor,M84_control,3050,0.8325417041778564,0.880274663330995,correct
egg_indoor,M84_control,3100,0.8790013194084167,0.8727612224934063,correct
flower02_wild,category,400,0.7913297414779663,0.9313784458164368,correct
flower02_wild,category,450,0.8786561489105225,0.9365473309357335,correct
flower02_wild,category_empty,100,0.7921193242073059,0.7413918514036527,correct
flower02_wild,category_empty,400,0.8156143426895142,0.8983615354243081,correct
flower02_wild,category_empty,450,0.8950443267822266,0.955908534934578,correct
flower02_wild,category_empty,550,0.8069460988044739,0.0,severe
flower02_wild,category_swapped,300,0.7862719297409058,0.935054384650244,correct
flower02_wild,category_swapped,400,0.8084544539451599,0.9244591203429675,correct
flower02_wild,category_swapped,450,0.8729360699653625,0.9399862357730666,correct
flower02_wild,M84_control,400,0.8001100420951843,0.938856135574574,correct
flower02_wild,M84_control,450,0.8570621013641357,0.9348282960398887,correct
flower03_indoor,category,100,0.8597611784934998,0.8553921489982536,correct
flower03_indoor,category,350,0.8519158363342285,0.8846771109608558,correct
flower03_indoor,category,700,0.8431727886199951,0.8507750655758457,correct
flower03_indoor,category_empty,100,0.8692593574523926,0.8606021103867268,correct
flower03_indoor,category_empty,300,0.7916868925094604,0.8075889542818964,correct
flower03_indoor,category_empty,350,0.8444374203681946,0.8627125097768248,correct
flower03_indoor,category_empty,450,0.7518153190612793,0.8445733457258437,correct
flower03_indoor,category_empty,550,0.8406180739402771,0.8534425409979307,correct
flower03_indoor,category_empty,700,0.8782297372817993,0.8640833641783195,correct
flower03_indoor,category_swapped,100,0.8804416060447693,0.879940496274981,correct
flower03_indoor,category_swapped,350,0.8787394762039185,0.8971358952836485,correct
flower03_indoor,category_swapped,550,0.7963842153549194,0.8526834351630873,correct
flower03_indoor,category_swapped,700,0.85474693775177,0.8403368809514267,correct
flower03_indoor,M84_control,100,0.8796249628067017,0.8704587138705571,correct
flower03_indoor,M84_control,300,0.7870734333992004,0.8641901787123486,correct
flower03_indoor,M84_control,350,0.8835597634315491,0.889740505550429,correct
flower03_indoor,M84_control,700,0.8873511552810669,0.8557535489165122,correct
flowerbasket_indoor,category,50,0.9403186440467834,0.9274713933424028,correct
flowerbasket_indoor,category,150,0.88910311460495,0.9008583057102076,correct
flowerbasket_indoor,category,200,0.8494042754173279,0.8994264868229149,correct
flowerbasket_indoor,category,250,0.7563130259513855,0.8176768498748005,correct
flowerbasket_indoor,category,500,0.7797929644584656,0.8874657959450508,correct
flowerbasket_indoor,category,550,0.9055888056755066,0.9466326655798758,correct
flowerbasket_indoor,category,600,0.9411259889602661,0.9724651756256315,correct
flowerbasket_indoor,category,650,0.9064274430274963,0.9395214609605669,correct
flowerbasket_indoor,category_empty,50,0.9404661655426025,0.9134039093808006,correct
flowerbasket_indoor,category_empty,150,0.904742956161499,0.8815908929159134,correct
flowerbasket_indoor,category_empty,200,0.878288984298706,0.8699878598554002,correct
flowerbasket_indoor,category_empty,250,0.7675269246101379,0.8387045379248822,correct
flowerbasket_indoor,category_empty,350,0.8795392513275146,,invalid_gt
flowerbasket_indoor,category_empty,600,0.9251561760902405,0.9459392491249823,correct
flowerbasket_indoor,category_empty,650,0.916870653629303,0.9417059615304144,correct
flowerbasket_indoor,category_empty,1000,0.8974982500076294,0.9267530869069691,correct
flowerbasket_indoor,category_swapped,50,0.941602349281311,0.9437312191277477,correct
flowerbasket_indoor,category_swapped,150,0.8940684795379639,0.8896954116992497,correct
flowerbasket_indoor,category_swapped,200,0.8557679653167725,0.9001081100974734,correct
flowerbasket_indoor,category_swapped,250,0.7717210650444031,0.8332379769756276,correct
flowerbasket_indoor,category_swapped,350,0.8905306458473206,,invalid_gt
flowerbasket_indoor,category_swapped,600,0.9272524118423462,0.9540809712173476,correct
flowerbasket_indoor,category_swapped,650,0.9104150533676147,0.943993386778392,correct
flowerbasket_indoor,M84_control,50,0.9374104738235474,0.9301538845657306,correct
flowerbasket_indoor,M84_control,150,0.8865312337875366,0.8962476831892632,correct
flowerbasket_indoor,M84_control,200,0.8686761856079102,0.9026586455727105,correct
flowerbasket_indoor,M84_control,250,0.7599160075187683,0.8319100415487355,correct
flowerbasket_indoor,M84_control,500,0.7762610912322998,0.8890807937629642,correct
flowerbasket_indoor,M84_control,550,0.9059169888496399,0.9500605716239462,correct
flowerbasket_indoor,M84_control,600,0.9400722980499268,0.9713746268557972,correct
flowerbasket_indoor,M84_control,650,0.902413547039032,0.9390748416816476,correct
ghostmask_indoor,category,50,0.9235306978225708,0.9307651471385793,correct
ghostmask_indoor,category,100,0.918531596660614,0.978335528402867,correct
ghostmask_indoor,category,150,0.8709396123886108,0.8613573451722267,correct
ghostmask_indoor,category,200,0.8968146443367004,0.869438732065524,correct
ghostmask_indoor,category,350,0.9225805997848511,0.8670916875460187,correct
ghostmask_indoor,category,400,0.7671151161193848,0.9025877109545257,correct
ghostmask_indoor,category,450,0.9304654598236084,0.9724695102247443,correct
ghostmask_indoor,category,500,0.9220826029777527,0.9323557592084224,correct
ghostmask_indoor,category,650,0.901351273059845,0.9484865759163221,correct
ghostmask_indoor,category,750,0.8598129153251648,0.8741269822643336,correct
ghostmask_indoor,category,800,0.7918283939361572,,invalid_gt
ghostmask_indoor,category_empty,50,0.9312497973442078,0.946026705142578,correct
ghostmask_indoor,category_empty,100,0.9273212552070618,0.950466624071435,correct
ghostmask_indoor,category_empty,150,0.8817125558853149,0.8786202962346761,correct
ghostmask_indoor,category_empty,200,0.90497225522995,0.895097505102285,correct
ghostmask_indoor,category_empty,350,0.9261818528175354,0.9145411907296894,correct
ghostmask_indoor,category_empty,400,0.7581294775009155,0.8788780716878913,correct
ghostmask_indoor,category_empty,450,0.9395866990089417,0.974329831140375,correct
ghostmask_indoor,category_empty,500,0.9248003363609314,0.9497970012241578,correct
ghostmask_indoor,category_empty,650,0.9130056500434875,0.9252302329797938,correct
ghostmask_indoor,category_empty,750,0.8577702045440674,0.8736030533254692,correct
ghostmask_indoor,category_empty,800,0.8685985207557678,,invalid_gt
ghostmask_indoor,category_empty,1000,0.87687087059021,0.0,severe
ghostmask_indoor,category_swapped,50,0.9247714877128601,0.9318694823231388,correct
ghostmask_indoor,category_swapped,100,0.9179510474205017,0.9621476173104894,correct
ghostmask_indoor,category_swapped,150,0.8487943410873413,0.8603560313068639,correct
ghostmask_indoor,category_swapped,200,0.8970052003860474,0.8680096920262113,correct
ghostmask_indoor,category_swapped,350,0.9244919419288635,0.8853337821538084,correct
ghostmask_indoor,category_swapped,450,0.9406315684318542,0.9607562212858943,correct
ghostmask_indoor,category_swapped,500,0.9223174452781677,0.9247071527510441,correct
ghostmask_indoor,category_swapped,650,0.9027647972106934,0.9430349105705437,correct
ghostmask_indoor,category_swapped,750,0.8408675789833069,0.8698104923294702,correct
ghostmask_indoor,category_swapped,1000,0.8434460759162903,0.8812603273432206,correct
ghostmask_indoor,category_swapped,1150,0.9388554692268372,0.9370248682196468,correct
ghostmask_indoor,M84_control,50,0.9159386157989502,0.9161275909571099,correct
ghostmask_indoor,M84_control,100,0.911925733089447,0.9744924340963597,correct
ghostmask_indoor,M84_control,150,0.8617374897003174,0.8571808954975441,correct
ghostmask_indoor,M84_control,200,0.88812655210495,0.8755093326152658,correct
ghostmask_indoor,M84_control,350,0.9222205877304077,0.8681544962367748,correct
ghostmask_indoor,M84_control,450,0.9328923225402832,0.9681671072008123,correct
ghostmask_indoor,M84_control,500,0.9196124076843262,0.9268315127168473,correct
ghostmask_indoor,M84_control,650,0.8858745694160461,0.9473377088252699,correct
ghostmask_indoor,M84_control,750,0.8433201313018799,0.8768387788204958,correct
ghostmask_indoor,M84_control,1000,0.8176788091659546,0.9067917262448021,correct
ghostmask_indoor,M84_control,1150,0.9370340704917908,0.9293269930564114,correct
glass03_indoor,category,50,0.9403947591781616,0.9623557306179711,correct
glass03_indoor,category,150,0.9113845825195312,0.985537996501014,correct
glass03_indoor,category,350,0.9276618361473083,0.9659986069276945,correct
glass03_indoor,category,400,0.9476152658462524,0.961244235411506,correct
glass03_indoor,category,500,0.8060575723648071,0.9408487500812499,correct
glass03_indoor,category,550,0.9449988603591919,0.9277704253454042,correct
glass03_indoor,category,600,0.8194701671600342,0.9361324289954736,correct
glass03_indoor,category_empty,50,0.9346384406089783,0.9735875244061039,correct
glass03_indoor,category_empty,350,0.9355441927909851,0.9673405064120161,correct
glass03_indoor,category_empty,400,0.9522103667259216,0.9509560086292878,correct
glass03_indoor,category_empty,500,0.7699209451675415,0.9495670282601505,correct
glass03_indoor,category_empty,550,0.94659024477005,0.9292481222489578,correct
glass03_indoor,category_empty,600,0.8518961071968079,0.9450977689824812,correct
glass03_indoor,category_swapped,50,0.9291502237319946,0.9749250816543548,correct
glass03_indoor,category_swapped,350,0.928568422794342,0.9662637284215622,correct
glass03_indoor,category_swapped,400,0.9502259492874146,0.9597580236860193,correct
glass03_indoor,category_swapped,500,0.7615025639533997,0.9447266063479872,correct
glass03_indoor,category_swapped,550,0.9404813647270203,0.9268896648950653,correct
glass03_indoor,category_swapped,600,0.8570196628570557,0.9583759943808058,correct
glass03_indoor,M84_control,50,0.9262560606002808,0.9618889454022927,correct
glass03_indoor,M84_control,150,0.864616334438324,0.9870873749700595,correct
glass03_indoor,M84_control,350,0.9193930625915527,0.9601567699810847,correct
glass03_indoor,M84_control,400,0.9425398111343384,0.9646568977813003,correct
glass03_indoor,M84_control,550,0.938286542892456,0.9009485800516339,correct
glass03_indoor,M84_control,600,0.8481125831604004,0.9351626708582867,correct
mobilephone01_indoor,category,50,0.9123278856277466,0.9263086684025028,correct
mobilephone01_indoor,category,100,0.7906830310821533,0.8827338784919171,correct
mobilephone01_indoor,category,250,0.7638950943946838,0.8403353251407605,correct
mobilephone01_indoor,category,300,0.9229682087898254,0.9363198664611233,correct
mobilephone01_indoor,category,350,0.9297632575035095,0.9667136288648829,correct
mobilephone01_indoor,category,400,0.8135764598846436,0.8716654755963248,correct
mobilephone01_indoor,category,450,0.9006480574607849,0.8605580793799553,correct
mobilephone01_indoor,category,1150,0.7704562544822693,0.0,severe
mobilephone01_indoor,category,1200,0.8536167144775391,0.0,severe
mobilephone01_indoor,category,1400,0.9236425161361694,0.8972410916953191,correct
mobilephone01_indoor,category_empty,50,0.9205093383789062,0.9200479407587302,correct
mobilephone01_indoor,category_empty,100,0.7994822263717651,0.9226415470051299,correct
mobilephone01_indoor,category_empty,250,0.7976973056793213,0.8217254649779334,correct
mobilephone01_indoor,category_empty,300,0.9312292337417603,0.9475108285256938,correct
mobilephone01_indoor,category_empty,350,0.9359554052352905,0.9567689721507034,correct
mobilephone01_indoor,category_empty,400,0.7594563364982605,0.8940078142303022,correct
mobilephone01_indoor,category_empty,450,0.9052759408950806,0.8569720945164614,correct
mobilephone01_indoor,category_empty,1150,0.9321171641349792,0.9457407935320541,correct
mobilephone01_indoor,category_empty,1200,0.9221564531326294,0.9360410790496433,correct
mobilephone01_indoor,category_empty,1250,0.9054322242736816,0.9669790469332574,correct
mobilephone01_indoor,category_empty,1300,0.7538892030715942,0.9231826281983577,correct
mobilephone01_indoor,category_swapped,50,0.9022031426429749,0.9227123011155794,correct
mobilephone01_indoor,category_swapped,100,0.784561812877655,0.8933492975294708,correct
mobilephone01_indoor,category_swapped,250,0.7670907974243164,0.8442525967576671,correct
mobilephone01_indoor,category_swapped,300,0.9127066731452942,0.9244055091633009,correct
mobilephone01_indoor,category_swapped,350,0.9290674328804016,0.9542923617027913,correct
mobilephone01_indoor,category_swapped,400,0.7509017586708069,0.8622035808272044,correct
mobilephone01_indoor,category_swapped,450,0.9037817120552063,0.8597789736210419,correct
mobilephone01_indoor,category_swapped,1150,0.756598949432373,0.0,severe
mobilephone01_indoor,category_swapped,1200,0.8576774597167969,0.0,severe
mobilephone01_indoor,category_swapped,1400,0.9228106737136841,0.8971004131926704,correct
mobilephone01_indoor,M84_control,50,0.8943763375282288,0.9234099009127557,correct
mobilephone01_indoor,M84_control,100,0.7690543532371521,0.8467821275348781,correct
mobilephone01_indoor,M84_control,300,0.8809829950332642,0.9190959245333264,correct
mobilephone01_indoor,M84_control,350,0.9141994118690491,0.943788964847887,correct
mobilephone01_indoor,M84_control,450,0.9013278484344482,0.8730463400959564,correct
mobilephone02_indoor,category,150,0.7856494784355164,0.8811212907884097,correct
mobilephone02_indoor,category,200,0.9289616942405701,0.9084011450390503,correct
mobilephone02_indoor,category,250,0.9375680685043335,0.9152650207571941,correct
mobilephone02_indoor,category,350,0.8911365270614624,0.7761441699631572,correct
mobilephone02_indoor,category_empty,150,0.8195883631706238,0.8840506753214542,correct
mobilephone02_indoor,category_empty,200,0.9336801171302795,0.9176754601705658,correct
mobilephone02_indoor,category_empty,250,0.9425442814826965,0.9062420900024275,correct
mobilephone02_indoor,category_empty,350,0.8976079225540161,0.8106866133310793,correct
mobilephone02_indoor,category_empty,600,0.8437862396240234,0.8308868332146965,correct
mobilephone02_indoor,category_empty,700,0.8996474146842957,0.9087606876213548,correct
mobilephone02_indoor,category_swapped,150,0.7856653332710266,0.8881019567997969,correct
mobilephone02_indoor,category_swapped,200,0.9319522380828857,0.9213555214717493,correct
mobilephone02_indoor,category_swapped,250,0.9371362924575806,0.9057250595390558,correct
mobilephone02_indoor,category_swapped,350,0.8858224153518677,0.7994423875051229,correct
mobilephone02_indoor,category_swapped,600,0.7992901802062988,0.8035847039214391,correct
mobilephone02_indoor,category_swapped,700,0.8659331798553467,0.8829152109816801,correct
mobilephone02_indoor,M84_control,150,0.7946646809577942,0.8877853547728747,correct
mobilephone02_indoor,M84_control,200,0.9301007986068726,0.9243897359649231,correct
mobilephone02_indoor,M84_control,250,0.9326680302619934,0.9239419302290576,correct
mobilephone02_indoor,M84_control,350,0.8793649673461914,0.7880920565650469,correct
notebook02_indoor,category,50,0.9347191452980042,0.9234864845775111,correct
notebook02_indoor,category,100,0.9299222230911255,0.9095320733969627,correct
notebook02_indoor,category,150,0.9213343262672424,0.9724961584885489,correct
notebook02_indoor,category,300,0.8767629265785217,0.9479192476441047,correct
notebook02_indoor,category,350,0.9034305810928345,0.9398218596029971,correct
notebook02_indoor,category,450,0.9057773947715759,0.8373240628928936,correct
notebook02_indoor,category,500,0.9344111680984497,0.933111947476638,correct
notebook02_indoor,category,550,0.9341408014297485,0.9176537480295118,correct
notebook02_indoor,category,600,0.8762719035148621,0.9138859181812046,correct
notebook02_indoor,category,900,0.9345409870147705,0.9287177731056725,correct
notebook02_indoor,category,1000,0.936146080493927,0.8870169908859248,correct
notebook02_indoor,category,1050,0.9150456190109253,0.918882110292972,correct
notebook02_indoor,category,1100,0.9048641920089722,0.9056938067677572,correct
notebook02_indoor,category,1300,0.8390536904335022,0.9461670718000819,correct
notebook02_indoor,category,1400,0.8457793593406677,0.9310628137587019,correct
notebook02_indoor,category,1600,0.8715150952339172,0.8833932972122371,correct
notebook02_indoor,category,1750,0.774695634841919,0.9097795622110031,correct
notebook02_indoor,category,2050,0.8785110712051392,0.9045280606288864,correct
notebook02_indoor,category,2150,0.774554431438446,0.8668141053067072,correct
notebook02_indoor,category,2200,0.7703417539596558,0.9060124905432576,correct
notebook02_indoor,category,2350,0.7528359889984131,0.7800860128715775,correct
notebook02_indoor,category,2400,0.9274096488952637,0.9191966358706376,correct
notebook02_indoor,category,2500,0.9422659873962402,0.949249793084641,correct
notebook02_indoor,category,2550,0.904890239238739,0.9375978583275637,correct
notebook02_indoor,category,2600,0.9433642029762268,0.9120385629371438,correct
notebook02_indoor,category_empty,50,0.9354246258735657,0.9380504673162933,correct
notebook02_indoor,category_empty,100,0.9310426115989685,0.856111660035386,correct
notebook02_indoor,category_empty,150,0.932984471321106,0.9651699648488236,correct
notebook02_indoor,category_empty,300,0.8984006643295288,0.9372317029510056,correct
notebook02_indoor,category_empty,350,0.8673180937767029,0.943308511144342,correct
notebook02_indoor,category_empty,450,0.9100016951560974,0.8480132747292276,correct
notebook02_indoor,category_empty,500,0.9326148629188538,0.9224117090237755,correct
notebook02_indoor,category_empty,550,0.9393163323402405,0.9127811534824257,correct
notebook02_indoor,category_empty,600,0.8708484172821045,0.949903090923138,correct
notebook02_indoor,category_empty,850,0.9298959374427795,0.9031164797603216,correct
notebook02_indoor,category_empty,900,0.9425109028816223,0.9336041238064634,correct
notebook02_indoor,category_empty,950,0.7725929617881775,0.8856132464304607,correct
notebook02_indoor,category_empty,1000,0.9378734230995178,0.9056076940790947,correct
notebook02_indoor,category_empty,1050,0.892444372177124,0.920147686809755,correct
notebook02_indoor,category_empty,1100,0.8908088207244873,0.8861133249971672,correct
notebook02_indoor,category_empty,1300,0.820341169834137,0.9471389748558028,correct
notebook02_indoor,category_empty,1400,0.8313882946968079,0.915726986879704,correct
notebook02_indoor,category_empty,1600,0.8513725399971008,0.8893147206976191,correct
notebook02_indoor,category_empty,1700,0.7512586116790771,0.9055412160080173,correct
notebook02_indoor,category_empty,1750,0.8084021210670471,0.8942717211903157,correct
notebook02_indoor,category_empty,2050,0.8893609046936035,0.8944722962788804,correct
notebook02_indoor,category_empty,2100,0.7773532271385193,0.8948112645798992,correct
notebook02_indoor,category_empty,2150,0.8042975068092346,0.8585612973379415,correct
notebook02_indoor,category_empty,2200,0.8340244293212891,0.9007747928439773,correct
notebook02_indoor,category_empty,2400,0.9422271251678467,0.923306125631963,correct
notebook02_indoor,category_empty,2500,0.9443418383598328,0.9439412425774837,correct
notebook02_indoor,category_empty,2550,0.925977885723114,0.9542170154312948,correct
notebook02_indoor,category_empty,2600,0.949877917766571,0.9514404460136144,correct
notebook02_indoor,category_swapped,50,0.9274303913116455,0.9124772876672749,correct
notebook02_indoor,category_swapped,100,0.9287595748901367,0.9319122328814897,correct
notebook02_indoor,category_swapped,150,0.927345871925354,0.9642381756877922,correct
notebook02_indoor,category_swapped,300,0.9158433675765991,0.9649347848414143,correct
notebook02_indoor,category_swapped,350,0.875044584274292,0.9331710991394416,correct
notebook02_indoor,category_swapped,450,0.9076310992240906,0.8460711032138863,correct
notebook02_indoor,category_swapped,500,0.9301899075508118,0.9417164568332158,correct
notebook02_indoor,category_swapped,550,0.9333351850509644,0.9171415930659426,correct
notebook02_indoor,category_swapped,600,0.8602762818336487,0.8763030546598061,correct
notebook02_indoor,category_swapped,850,0.924260675907135,0.9085575494525047,correct
notebook02_indoor,category_swapped,900,0.9382301568984985,0.9329785366910479,correct
notebook02_indoor,category_swapped,950,0.7675297856330872,0.8721736915289192,correct
notebook02_indoor,category_swapped,1050,0.8956773281097412,0.9142776909215625,correct
notebook02_indoor,category_swapped,1100,0.8878764510154724,0.9182476252499383,correct
notebook02_indoor,category_swapped,1300,0.7588514685630798,0.9144155698719835,correct
notebook02_indoor,category_swapped,1400,0.8553562760353088,0.9205221938236287,correct
notebook02_indoor,category_swapped,1600,0.8904097080230713,0.8885211950314826,correct
notebook02_indoor,category_swapped,1750,0.7797332406044006,0.8645208432420919,correct
notebook02_indoor,category_swapped,2050,0.8561006784439087,0.9194756868235571,correct
notebook02_indoor,category_swapped,2100,0.792086660861969,0.9035960734622823,correct
notebook02_indoor,category_swapped,2150,0.7578397393226624,0.8747860368954464,correct
notebook02_indoor,category_swapped,2200,0.7573297619819641,0.9062785546941818,correct
notebook02_indoor,category_swapped,2400,0.9321818351745605,0.9123799868414124,correct
notebook02_indoor,category_swapped,2450,0.7921081781387329,0.680382315906407,correct
notebook02_indoor,category_swapped,2500,0.9367517232894897,0.9456729873789209,correct
notebook02_indoor,category_swapped,2550,0.890946626663208,0.9418277095989173,correct
notebook02_indoor,category_swapped,2600,0.9429236054420471,0.9444466004692137,correct
notebook02_indoor,M84_control,50,0.9244228601455688,0.942884623772082,correct
notebook02_indoor,M84_control,100,0.9280016422271729,0.9083877618524321,correct
notebook02_indoor,M84_control,150,0.9272308349609375,0.9572872056110255,correct
notebook02_indoor,M84_control,300,0.8799931406974792,0.9541593753043068,correct
notebook02_indoor,M84_control,350,0.895334005355835,0.9382975685622622,correct
notebook02_indoor,M84_control,450,0.9014056324958801,0.8165042172370924,correct
notebook02_indoor,M84_control,500,0.9306297898292542,0.9262526266810261,correct
notebook02_indoor,M84_control,550,0.9318962693214417,0.9324633010564144,correct
notebook02_indoor,M84_control,600,0.8625372052192688,0.8843257671225897,correct
notebook02_indoor,M84_control,900,0.9309284687042236,0.9213038078181451,correct
notebook02_indoor,M84_control,1000,0.9251132011413574,0.8984366143373897,correct
notebook02_indoor,M84_control,1050,0.8984084129333496,0.9315757717367872,correct
notebook02_indoor,M84_control,1100,0.8914973139762878,0.9005600600649355,correct
notebook02_indoor,M84_control,1250,0.7680225372314453,0.9185942864706758,correct
notebook02_indoor,M84_control,1300,0.8122597336769104,0.9337735538222043,correct
notebook02_indoor,M84_control,1400,0.8020852208137512,0.9321869749830552,correct
notebook02_indoor,M84_control,1600,0.8907482624053955,0.8941536073033701,correct
notebook02_indoor,M84_control,1750,0.7570797801017761,0.883957727941921,correct
notebook02_indoor,M84_control,1900,0.7518678903579712,0.8281515186551756,correct
notebook02_indoor,M84_control,2050,0.8645881414413452,0.9128321294242978,correct
notebook02_indoor,M84_control,2150,0.7704903483390808,0.8590447247734528,correct
notebook02_indoor,M84_control,2200,0.8383462429046631,0.9167427361147641,correct
notebook02_indoor,M84_control,2400,0.9315083026885986,0.9072551429192531,correct
notebook02_indoor,M84_control,2500,0.9384088516235352,0.9651004927510414,correct
notebook02_indoor,M84_control,2550,0.874586284160614,0.9320771762360174,correct
notebook02_indoor,M84_control,2600,0.933353066444397,0.9331821401031546,correct
