sequence,frame,reference_frame,score,predicted_scale_factor,gt_scale_factor,current_iou,preceding_low_iou_frames
bag05_indoor,16,0,0.7928701639175415,1.2975672505095956,1.1928572336887573,0.7876267121236239,0
bag05_indoor,22,16,0.8740881681442261,1.2600121587035338,1.1419840337615443,0.7347585604958571,0
bag05_indoor,28,22,0.8022301197052002,1.2631203653317198,1.383522189460134,0.8575586070985022,0
bag05_indoor,38,28,0.7618147134780884,1.2735900256045343,1.1417869478481801,0.9001285451624323,0
bag05_indoor,45,38,0.8650949001312256,1.309265094501053,1.246535558320511,0.9482040486505148,0
bag05_indoor,113,45,0.7526528835296631,1.3381404093094447,1.328257583182913,0.864465838459842,0
bag05_indoor,180,113,0.8654788732528687,1.484209565987305,1.5480741627730172,0.9363992136451325,0
bag05_indoor,189,180,0.8068868517875671,1.2644768001463496,1.2970409976702582,0.9405119218248972,0
bag05_indoor,201,200,0.8736662864685059,1.313851649240513,1.3507083865660663,0.9377691148370166,0
bag05_indoor,203,201,0.8797340393066406,1.270751999404356,1.1567065213731818,0.7752277489663949,0
bag05_indoor,231,203,0.8657140731811523,1.324420255189641,1.2934610448924924,0.7576696820499991,0
bag05_indoor,233,231,0.8197945356369019,1.3154470491158294,1.261079926350888,0.8318569166393223,0
bag05_indoor,240,233,0.8902372717857361,1.282396842177159,1.4155472908650137,0.9559613003431591,0
bag05_indoor,251,240,0.8014625906944275,1.4506705265633062,1.5198879942841546,0.9306466026927168,0
bag05_indoor,256,251,0.7653446793556213,1.3855488526122697,1.0640538671269395,0.5095794456517112,0
bag05_indoor,265,256,0.9017202258110046,1.2639897703889866,1.0173698247412875,0.9304915492379189,0
bag05_indoor,267,265,0.8801843523979187,1.5525022284646757,1.5820706431035088,0.9268546512642226,0
bag05_indoor,272,267,0.772329568862915,1.327807706956844,1.2541203010613247,0.8822101028945554,0
bag05_indoor,277,272,0.7747117280960083,1.5380399433311809,1.5647699458350752,0.9566316681892058,0
bag05_indoor,281,277,0.8268998861312866,1.5190157232725294,1.4807737943049681,0.9416006888221873,0
bag05_indoor,285,281,0.8856098055839539,1.7437832876517898,1.746424919657298,0.9415893037451386,0
bag05_indoor,287,285,0.9305580258369446,1.3359312711229643,1.3954720617809329,0.9279372448777429,0
bag05_indoor,302,300,0.8262262940406799,1.8203354060775985,1.7128791358280167,0.9300571941564306,0
bag05_indoor,309,302,0.7970395088195801,1.6360253960996816,1.6658938010372184,0.9305457814904671,0
bag05_indoor,310,309,0.7938084006309509,1.392197876084073,1.4412729225160832,0.8124993155537001,0
bag05_indoor,312,310,0.7655693888664246,1.3295788878661967,1.3050852387499965,0.737832982204036,0
bag05_indoor,316,312,0.8832836151123047,1.5449334493858826,1.6790467224353742,0.9330605200647856,0
bag05_indoor,318,316,0.8339444994926453,1.405607944778785,1.3897613346053987,0.9450576817593427,0
bag05_indoor,329,318,0.8355752229690552,1.8952252963574687,1.9714822679318884,0.8282345927546134,0
bag05_indoor,336,329,0.8961972594261169,1.2951778503390836,1.343947391438742,0.9560522415963983,0
bag05_indoor,339,336,0.9003704190254211,1.2997183040546059,1.2857864337621367,0.9171367255443569,0
bag05_indoor,343,339,0.8590375185012817,1.6539898058704374,1.6896369081420812,0.9064873228876067,0
bag05_indoor,348,343,0.9082169532775879,1.261582162057214,1.2846593518710125,0.8954922052034316,0
bag05_indoor,354,348,0.8161289691925049,1.4045983821653667,1.3867504905630728,0.9190648423880383,0
bag05_indoor,357,354,0.8955186009407043,1.256809827515654,1.2584261454834622,0.8887357666817566,0
bag05_indoor,365,357,0.86985182762146,1.7809088220889504,1.965693130514646,0.873115433282566,0
bag05_indoor,375,365,0.8973031044006348,1.3219735763206297,1.461788424097481,0.9105183102604489,0
bag05_indoor,378,375,0.8924143314361572,1.3784013173675562,1.3077957980235617,0.9399134790130501,0
bag05_indoor,381,378,0.8618695139884949,1.333769612644173,1.3412767048686112,0.9306716536096715,0
bag05_indoor,384,381,0.8710483908653259,1.3727479292831855,1.4558726652394105,0.863946659936781,0
bag05_indoor,389,384,0.8087422847747803,1.4270379873472685,1.3844373104863459,0.9170211459852889,0
bag05_indoor,394,389,0.7746936082839966,1.4042862864866852,1.3583954119615156,0.9056244789431576,0
bag05_indoor,399,394,0.7733134627342224,1.7840488794135956,1.748117266802952,0.8695124003064109,0
bag05_indoor,404,400,0.8743937015533447,1.3131080658448098,1.3141837357302806,0.867013042063779,0
bag05_indoor,411,404,0.75335294008255,1.4231402612513142,1.594916478499173,0.8086329616190872,0
bag05_indoor,415,411,0.7526451945304871,2.134659283369655,,,0
bag05_indoor,486,450,0.8153403997421265,1.5044332703298209,,0.8944042326427336,0
bag05_indoor,491,486,0.7724044322967529,1.6308554350286661,1.8177266468595819,0.6796548312810691,0
bag05_indoor,514,491,0.802057147026062,1.2794180768529406,1.1337515315943505,0.926057472417264,0
bag05_indoor,520,514,0.8866661190986633,1.6348712350648502,1.6127707837847265,0.9130224006089717,0
bag05_indoor,529,520,0.9246300458908081,1.3774450666098996,1.462461171071775,0.9166089773931266,0
bag05_indoor,546,529,0.815231442451477,1.5658198500087939,1.5425336507255167,0.9169406878915572,0
bag05_indoor,551,550,0.9313234686851501,1.2559748571429248,1.2693372810895054,0.9714252325980663,0
bag05_indoor,554,551,0.9149248003959656,1.262632533257812,1.2398216635858321,0.9476495392273981,0
bag05_indoor,560,554,0.8901554346084595,1.4379270635485666,1.4212959946917283,0.943651501417482,0
bag05_indoor,570,560,0.7506889700889587,1.5681568762679292,1.9485571585149868,0.6863427944995598,0
bag05_indoor,590,570,0.8339992761611938,1.3434144726226729,1.5718221909618149,0.9354255268611127,0
bag05_indoor,596,590,0.780744194984436,1.3166189567436857,1.368209030974867,0.9353726394932714,0
bag05_indoor,598,596,0.8761405348777771,1.2939637807073403,1.3693063937629153,0.8502697747794669,0
bag05_indoor,604,600,0.8874484300613403,1.4895698589228716,1.4762115101448179,0.9617179812723601,0
bag05_indoor,612,604,0.9039157032966614,1.308768996807849,1.352122707302424,0.9413273487885644,0
bag05_indoor,614,612,0.779474675655365,1.2533954803998524,1.2291111771171417,0.7931186357976295,0
bag05_indoor,617,614,0.8984173536300659,1.4500333862109285,1.4679516868351474,0.928111761051529,0
bag05_indoor,620,617,0.8680841326713562,1.5129067343121194,1.5262410572075051,0.8841982432165565,0
bag05_indoor,630,620,0.8171654343605042,1.3247028976249888,1.3552470910764385,0.9167218080848106,0
bag05_indoor,635,630,0.8562649488449097,1.399907516148886,1.5872759268885528,0.7049192161958104,0
bag05_indoor,638,635,0.9009426832199097,1.3110910061318415,1.1499026172053397,0.9708444772546356,0
bag05_indoor,656,638,0.8210110068321228,1.7005179982494145,1.7036641195868956,0.950820084858294,0
bag05_indoor,667,656,0.8348536491394043,1.425279681193926,1.4398882723720616,0.9374379036471647,0
bag05_indoor,672,667,0.8513755202293396,1.2831089473756252,1.382894317804103,0.8051145230853096,0
bag05_indoor,674,672,0.8596078157424927,1.304104870399589,1.2227437491155504,0.901781775927312,0
bag05_indoor,676,674,0.926325798034668,1.2871600278756345,1.3083293162536578,0.9580814172675589,0
bag05_indoor,699,676,0.9104690551757812,1.281092674872187,1.2832886701366146,0.9402196279597663,0
bag05_indoor,704,700,0.8787694573402405,1.3362002538942308,1.3919410907075054,0.8909743069717886,0
bag05_indoor,716,704,0.7939760088920593,1.2844153585344817,1.3886110833277763,0.877689809474675,0
bag05_indoor,736,716,0.7543654441833496,1.250162753873995,,,0
bag05_indoor,811,800,0.7527987360954285,1.3569328235404496,1.175675931992053,0.8694326328063212,3
bag05_indoor,833,811,0.7566057443618774,1.2804680362029601,,,0
ball07_indoor,415,400,0.782207190990448,1.3210155731652926,1.3788526273323174,0.8832498018282778,0
ball07_indoor,420,415,0.771590530872345,1.3461441830717866,1.326977605394074,0.9162859851363799,0
ball07_indoor,433,420,0.88067626953125,1.4888198536110342,1.59891267401645,0.8273998097886516,0
ball07_indoor,490,450,0.759904146194458,1.3407419714159479,1.3348476249438295,0.8220477408981032,0
ball07_indoor,541,490,0.878338098526001,1.264224510749027,1.1911570924337473,0.8660743941984549,0
ball07_indoor,613,600,0.8943251371383667,1.2700259782949854,1.2974952964241406,0.8923930350269089,0
ball07_indoor,646,613,0.8177604079246521,1.2692083758464268,1.2776569991227722,0.9390040415493066,0
ball07_indoor,741,700,0.8216344118118286,1.2745187559309998,1.185541257052971,0.8378643227633413,0
ball07_indoor,798,741,0.7920332551002502,2.0360388840396135,,,0
ball07_indoor,819,800,0.9143487215042114,1.2538841845425572,,,0
ball07_indoor,1139,1050,0.7786792516708374,1.4271277859351224,,0.8310768726956078,0
ball07_indoor,1148,1139,0.7620078921318054,1.2608142743367556,1.2736648783028535,0.9567040656126051,0
ball07_indoor,1340,1300,0.7786184549331665,1.3819701218499059,1.4453882823731847,0.8840807096227278,0
ball07_indoor,1520,1340,0.8372963666915894,1.2667408872297214,1.224744871391589,0.8727571092622541,0
ball07_indoor,1533,1520,0.8273939490318298,1.269171770841,1.2616383262052049,0.876583326828691,0
ball07_indoor,2340,2200,0.7975720167160034,1.580525913008201,1.5756480148391858,0.9204612558684605,0
ball07_indoor,2493,2340,0.7600171566009521,1.5517362090617628,1.623165631310208,0.8995169387509688,0
ball19_indoor,832,800,0.7722318172454834,1.3548183771853697,1.5120207989811927,0.7566109407610156,0
ball19_indoor,838,832,0.860826849937439,1.2788125101681058,1.4093285268352884,0.9124908895795909,0
ball19_indoor,1181,1150,0.8885915279388428,1.269778533988895,1.347650759985119,0.8522194760444209,0
ball19_indoor,1194,1181,0.9148991107940674,1.2632707198485635,1.3065220012638994,0.8302151190804162,0
ball19_indoor,1220,1200,0.8428870439529419,1.2701636526192783,1.2365764344111068,0.9109742418624872,0
ball19_indoor,1238,1220,0.9126079678535461,1.259300079209733,1.2861416462997008,0.9161736919079633,0
ball19_indoor,1244,1238,0.8624619841575623,1.3049492652552335,1.2957006137184885,0.9089152213149982,0
ball19_indoor,1248,1244,0.9441229104995728,1.2515817062325842,1.2076530822618254,0.942926301338173,0
ball19_indoor,1267,1250,0.8598132729530334,1.3740650935970125,1.338023653229695,0.9333129611392794,0
ball19_indoor,1273,1267,0.7871781587600708,1.416821300679947,1.3873808937170746,0.9330349017380679,0
ball19_indoor,1280,1273,0.921535313129425,1.268260411391106,1.2332090002429297,0.8945876447426508,0
ball19_indoor,1304,1280,0.8802499175071716,1.5127213102453672,1.5342787211031284,0.9046799226707771,0
ball19_indoor,1324,1304,0.8347365856170654,1.2629751302164385,1.2879443985259575,0.9196545662664505,0
beautifullight01_indoor,19,0,0.8811392784118652,1.2664396261540347,1.2664485886212837,0.979869326964269,0
beautifullight01_indoor,36,19,0.8685224056243896,1.259625740985667,1.2442286591572393,0.9464901521474448,0
beautifullight01_indoor,56,36,0.8429091572761536,1.309515277013637,1.2783234282340332,0.9013913012986233,0
beautifullight01_indoor,138,56,0.8082801103591919,1.2888301751794131,1.2329117425236933,0.8800770954639977,0
beautifullight01_indoor,159,138,0.8313368558883667,1.2869970122033558,1.0833068443466352,0.7927540067096293,0
beautifullight01_indoor,220,200,0.8498995304107666,1.2675380231361606,1.3048878267641086,0.9368559616756024,0
beautifullight01_indoor,239,220,0.8458383083343506,1.275678689323527,1.2631286995485234,0.8705685401520518,0
beautifullight01_indoor,261,239,0.809686541557312,1.3258471247408365,1.1280077276737763,0.7448547465436971,0
beautifullight01_indoor,276,261,0.9022956490516663,1.2505359251654622,1.1020730487983026,0.9464179279189404,0
beautifullight01_indoor,298,276,0.8036466240882874,1.341919631123455,1.3990989978786714,0.9181992323182868,0
beautifullight01_indoor,319,298,0.8951848149299622,1.2637803568511647,1.2970812078414171,0.9604378519342411,0
beautifullight01_indoor,326,319,0.753961443901062,1.255093346137137,1.1405348184650688,0.8001460999899443,0
beautifullight01_indoor,341,326,0.8479071259498596,1.5847359080766146,1.4120867788624931,0.9152251151394007,0
beautifullight01_indoor,357,350,0.8824499249458313,1.2951201184847263,1.2482941635695086,0.9061860387695989,0
beautifullight01_indoor,447,357,0.7500247359275818,1.5727371676402826,1.7527450997265361,0.8618139518280923,0
beautifullight01_indoor,505,447,0.7567758560180664,1.400144540602586,1.559268636675118,0.9356002627351021,0
book06_indoor,81,0,0.9118718504905701,1.3142286474723863,1.289787347538019,0.855765291419667,0
book06_indoor,127,100,0.7985251545906067,1.3484852548401514,1.2533774001320608,0.8432424382379812,0
book06_indoor,144,127,0.7815317511558533,1.2844978793799964,1.1883608843747493,0.9260583853452736,0
book06_indoor,163,150,0.8967872858047485,1.2745460465587193,1.353743477501442,0.8280220638114709,0
book06_indoor,177,163,0.9227735996246338,1.255066477512019,1.2249284225160955,0.9269990174015633,0
book06_indoor,219,200,0.7916664481163025,1.2961355483319594,1.1372155987329695,0.7598906980687433,0
book06_indoor,229,219,0.8124060034751892,1.2566310470349995,1.1116141252795482,0.8701154785375088,0
book06_indoor,237,229,0.9012095928192139,1.2681982961707556,1.2249807394479677,0.8314749655344363,0
book06_indoor,262,250,0.7751334309577942,1.3100480037186821,1.2678936932620068,0.8319034862306294,0
book06_indoor,272,262,0.7930298447608948,1.3750311143250467,1.418990940221449,0.9155582484320227,0
book06_indoor,278,272,0.7924660444259644,1.2857712892539166,1.3136777667659838,0.9066989505567694,0
book06_indoor,315,278,0.8052405118942261,1.2660365298515999,1.1832159566199232,0.904908423217105,0
book06_indoor,616,600,0.9108350872993469,1.2654312855886676,1.2433605117872664,0.8409494639874456,0
book06_indoor,673,616,0.9090669751167297,1.2969002332624566,1.2958458682234875,0.9666195719405177,0
book06_indoor,678,673,0.8476362824440002,1.2778833862631716,1.2854281704534676,0.9116188325620924,0
book06_indoor,706,678,0.7680613994598389,2.0566689760162427,1.9623318446829314,0.892368910875109,0
book06_indoor,736,706,0.9008016586303711,2.270632705126112,,,0
book06_indoor,838,800,0.7781892418861389,1.334805111117195,,,0
book06_indoor,896,850,0.7833989262580872,1.75897759282473,,,0
book06_indoor,981,950,0.7895155549049377,1.9811782866857797,1.7807605101163664,0.9203222791515239,0
book06_indoor,991,981,0.8558440208435059,1.3227666295915013,1.349562151545665,0.9368462660497474,0
book06_indoor,1002,1000,0.786749005317688,1.2875891555655872,1.4011645853082182,0.6090473203475452,0
book06_indoor,1007,1002,0.9161544442176819,1.3055623039828421,1.418142464204668,0.9447502993395231,0
book06_indoor,1078,1050,0.9235402345657349,1.2753938499460777,1.3120871000780914,0.9462963483760926,0
book06_indoor,1092,1078,0.884920060634613,1.2672273046654394,1.2591409362878714,0.8921240183214991,0
book06_indoor,1189,1150,0.7696111798286438,1.2763439140030999,1.1184924812804449,0.05891187534964587,1
book06_indoor,1268,1250,0.8845251798629761,1.8676151994149974,1.1091349901894485,0.9419676429310389,0
book06_indoor,1416,1350,0.7758911848068237,1.5140938704257192,1.5657627225176254,0.8319243280087555,0
book06_indoor,1552,1500,0.7567566633224487,1.3487174950695158,,,0
book06_indoor,1713,1552,0.8066564202308655,1.493802275797452,,0.8912698856185175,0
book06_indoor,1759,1750,0.9197261333465576,1.270398176935126,1.2455983106584367,0.9205325452917709,0
book06_indoor,1788,1759,0.860897958278656,1.254827133272075,1.2324347239660238,0.8896796969409135,0
book06_indoor,1809,1800,0.9069828391075134,1.2998411197285449,1.240462872120239,0.8502557699811308,0
book06_indoor,1847,1809,0.8839306831359863,1.2549849374499003,1.2310678089815195,0.8852852911989144,0
book06_indoor,1880,1850,0.8881348967552185,1.3869587200381812,1.311390568415808,0.8692276847392335,0
book06_indoor,1897,1880,0.8173214793205261,1.6112087047481034,1.5434872662825796,0.9471767898584633,0
book06_indoor,1921,1900,0.7766064405441284,1.3620596482983651,1.352055276259232,0.8530748006326143,0
book06_indoor,1966,1921,0.8334032297134399,1.26942667882532,1.2360927507305899,0.8973099388076967,0
car01_indoor,37,0,0.9351723790168762,1.2603162975479987,1.2544040065962425,0.9822765068306458,0
car01_indoor,53,50,0.8455837368965149,1.2630761004918407,1.2518803062095307,0.9295322585858817,0
car01_indoor,411,53,0.8277369141578674,1.7937425674337673,1.7159709938145524,0.9675653942641792,0
car01_indoor,432,411,0.8147966861724854,1.2636874567245702,1.244500095542334,0.9752322775815131,0
car01_indoor,445,432,0.9337374567985535,1.2726461067595627,1.2690402125828601,0.9595921356070257,0
car01_indoor,457,450,0.7913485169410706,1.2653606317996475,1.269162877953185,0.9584308471768067,0
car01_indoor,482,457,0.8513164520263672,1.2550409402616258,1.2051824711355514,0.9015224493581707,0
car01_indoor,528,500,0.8982154726982117,1.3952425198331968,1.408162704071699,0.9458194824146515,0
car01_indoor,531,528,0.8604802489280701,1.3206200292563013,1.3305775926728889,0.9316286989034388,0
car01_indoor,535,531,0.7647724747657776,1.3360174280017634,1.3023464833802982,0.9123505614108187,0
car01_indoor,543,535,0.8357212543487549,1.4744519687442237,1.4454303013066463,0.9327131071244353,0
car01_indoor,549,543,0.7802481055259705,1.3192014136899834,1.3034918139715757,0.9579498646677134,0
car01_indoor,557,550,0.805457353591919,1.4057577288220051,1.2541135550251725,0.8288331604015353,0
car01_indoor,582,557,0.8954032063484192,1.300866920765233,1.170805926212339,0.9490545934776959,0
car01_indoor,597,582,0.852238655090332,1.3951270618202993,1.3581086598528829,0.9255484356577187,0
car01_indoor,622,600,0.7724266052246094,1.2563544832166136,1.2497811518205986,0.9410078175382818,0
car01_indoor,630,622,0.8308289051055908,1.2864279171273172,1.2458841010114396,0.969000744466705,0
car01_indoor,761,700,0.8251199126243591,1.2506786996516017,1.2803240967178893,0.9111333474245634,0
car01_indoor,777,761,0.7984187602996826,1.2701119950932036,1.2966639052255156,0.9739559840740973,0
car01_indoor,1466,800,0.7729400992393494,1.2558479910958897,1.2604245121144368,0.9838352885367596,0
car01_indoor,1482,1466,0.8892809152603149,1.269358193729667,1.3405278532627116,0.8978528228245255,0
car02_indoor,27,0,0.9602140784263611,1.2551683352004257,1.2933665121943974,0.923325161307387,0
car02_indoor,49,27,0.7873509526252747,1.2941364698439566,1.3020761494054696,0.9525977366221509,0
car02_indoor,58,50,0.9274803996086121,1.2814852437101107,1.3041066524184257,0.9766752217904371,0
car02_indoor,61,58,0.7593688368797302,1.424809369054774,1.4311508554601564,0.9110338752844412,0
car02_indoor,78,61,0.8187952041625977,2.090223178388413,1.8822016169447067,0.8171238807994758,0
car02_indoor,85,78,0.7561642527580261,2.3556751564555753,2.09716084831216,0.9412025832012282,0
car02_indoor,88,85,0.8058117032051086,1.312814229273629,1.3382263161373769,0.9692492745798182,0
car02_indoor,99,88,0.9043121933937073,1.300834337270313,1.3086252328302401,0.9566031182291209,0
car02_indoor,160,100,0.7640034556388855,3.1281733885640817,3.0563043318004794,0.8842754144446184,0
car02_indoor,163,160,0.7681499123573303,1.308675888948762,1.3190905958272918,0.807202710702927,0
car02_indoor,169,163,0.8122139573097229,1.3920148860177182,1.3552367566837416,0.8860089519195858,0
car02_indoor,172,169,0.8210563659667969,1.3089042619062052,1.3804441800743956,0.9014528586537804,0
car02_indoor,175,172,0.8818498849868774,1.2742278267639597,1.218117204463316,0.9662720890448906,0
car02_indoor,179,175,0.8858551383018494,1.2783560024523295,1.2875926129184283,0.9087084179277044,0
car02_indoor,192,179,0.8207291960716248,1.4322735227801913,1.427700082696784,0.9583954974140776,0
car02_indoor,196,192,0.8930453062057495,1.331929756127226,1.3287563965483702,0.9346361303117843,0
car02_indoor,198,196,0.8272086977958679,1.2504889174244125,1.2577610523153773,0.9298049124387058,0
car02_indoor,525,500,0.782088041305542,1.3137103334971942,1.293365423090883,0.9449755882961501,0
car02_indoor,534,525,0.8455780148506165,1.2655159828272637,1.267731382092775,0.9494679823744068,0
car02_indoor,543,534,0.8591675758361816,1.2651822832165636,1.3123346456686351,0.8885985149954687,0
car02_indoor,660,543,0.818942666053772,1.4667114284244807,1.5126839003341805,0.9346247653460101,0
colacan01_indoor,187,150,0.8952306509017944,1.2857330551736603,1.358453067589052,0.8908079970957972,0
colacan01_indoor,212,187,0.842323362827301,1.2895255470912286,1.3674794331177342,0.8349632243895941,0
colacan01_indoor,219,212,0.7824533581733704,1.3484391589123161,1.378404875209022,0.9656029619889108,0
colacan01_indoor,233,219,0.86164790391922,1.2589109720972333,1.2167659925061518,0.8737978280547133,0
colacan01_indoor,491,250,0.7582834362983704,1.272004578609988,1.031522859110255,0.0,106
colacan01_indoor,607,491,0.7523253560066223,1.3653610229209308,1.5423703349066333,0.0,2
colacan01_indoor,1246,607,0.7735260725021362,1.3578712755742381,2.3962861890851017,0.0,641
colacan01_indoor,1282,1246,0.7590664029121399,1.6566551558637865,1.6685595311797867,0.0,9
colacan01_indoor,1378,1282,0.7557690739631653,1.4963944638584021,1.4301938838683885,0.6834556028371769,0
colacan01_indoor,1385,1378,0.7630075216293335,1.4078049877041097,1.3124359177794211,0.7848886130438056,0
colacan01_indoor,1402,1385,0.846444845199585,1.6943320784480211,1.7037345226777425,0.8877422172296056,0
colacan01_indoor,1413,1402,0.7831119298934937,1.452495471586345,1.4342743312012722,0.891438339742429,0
colacan01_indoor,1432,1413,0.7973531484603882,1.7468064856363679,1.7554149029450221,0.842336447580797,0
colacan01_indoor,1455,1432,0.7971552014350891,1.3344992277131593,1.2830005981991683,0.8040371765948336,0
colacan01_indoor,1474,1455,0.7672146558761597,1.4645834389301915,1.3245323570650438,0.7283131742600861,0
colacan01_indoor,1498,1474,0.7755253314971924,1.6432180238949106,1.5491933384829668,0.9217720504202879,0
colacan01_indoor,1508,1500,0.8101378679275513,1.3143473880058083,1.3024701806293193,0.8671967006103887,0
colacan01_indoor,1529,1508,0.8500782251358032,1.2968734117653047,1.3047532151257388,0.9215717486965287,0
colacan01_indoor,1548,1529,0.7991961240768433,1.3231277935152206,1.5138251770487459,0.7997802095624957,0
colacan01_indoor,1567,1550,0.905856728553772,1.3205604058777576,1.3226411654736363,0.8730531990313529,0
colacan01_indoor,1610,1567,0.7757262587547302,1.269661908269924,1.2447692755890745,0.877649598734356,0
colacan01_indoor,1638,1610,0.8228228092193604,1.4914498511386474,1.4074631010979937,0.8822486813897955,0
colacan01_indoor,1654,1638,0.7959640026092529,1.4705377263463726,1.3516756367660945,0.8084667501070208,0
colacan01_indoor,1686,1654,0.8299260139465332,1.497638063322111,1.3832980566434385,0.9160547354375536,0
colacan01_indoor,1725,1686,0.7700219750404358,1.7457757231751998,1.5994579027457478,0.7729330881756478,0
colacan01_indoor,1938,1725,0.756830096244812,1.973516168972649,1.8133301450633537,0.9328499732060189,0
colacan01_indoor,1985,1938,0.7567500472068787,1.328177900826641,1.3023743461686612,0.9331434036183632,0
colacan01_indoor,1992,1985,0.8705641627311707,1.261243652531085,1.1803769912895217,0.7862364370263588,0
colacan01_indoor,2016,1992,0.7634935975074768,2.2152354664050304,1.8318788230793788,0.6915775853507261,0
colacan01_indoor,2242,2016,0.7742447853088379,1.2579057303948684,,,0
colacan01_indoor,2536,2242,0.7566131353378296,1.3683511374361568,,0.0,180
colacan01_indoor,2634,2536,0.8083349466323853,1.2592794025404297,1.021069252099199,0.0,278
colacan01_indoor,2698,2634,0.7514994740486145,1.329303713192049,1.2986260094871307,0.0,342
colacan04_indoor,13,0,0.9232069253921509,1.255698165835562,1.261512640211798,0.9020094011096549,0
colacan04_indoor,33,13,0.9205367565155029,1.3036785183025292,1.288209128449527,0.9601760310077088,0
colacan04_indoor,49,33,0.8773096799850464,1.3073416265597335,1.2782029638916539,0.9374996520485298,0
colacan04_indoor,57,50,0.7631765007972717,1.5153608487105,1.589185390091928,0.9233940727693147,0
colacan04_indoor,66,57,0.8700973391532898,1.7185518065376184,1.78314100304342,0.9539548698677852,0
colacan04_indoor,95,66,0.7652149796485901,1.3398254483239516,1.4238419714496686,0.7924796792279635,0
colacan04_indoor,133,95,0.7584511041641235,1.5863365187663392,1.59700435245389,0.9407334553696638,0
colacan04_indoor,245,133,0.7741183042526245,1.4926585610116456,1.0423408756777446,0.0,13
colacan04_indoor,279,250,0.8214293718338013,1.2687173075437497,,,0
colacan04_indoor,332,300,0.8794524669647217,1.2594254086752823,,,0
colacan04_indoor,380,350,0.8019561767578125,1.2616953225139234,1.341062866685638,0.0,37
colacan04_indoor,617,380,0.851430356502533,1.2561776119546473,1.9305451864644692,0.0,7
colacan04_indoor,663,650,0.7920315265655518,1.2658319075464939,,,0
colacan04_indoor,686,663,0.7950451970100403,1.2540472528860969,,,0
container01_indoor,127,100,0.9156789779663086,1.3095313514403253,1.2695998155047556,0.8672802201366695,0
container01_indoor,134,127,0.9574728608131409,1.2646332421190474,1.2078284470578278,0.9372434025434125,0
container01_indoor,220,200,0.9568493366241455,1.2588025781569,1.3129882801983512,0.9314836701849476,0
container01_indoor,309,300,0.946150004863739,1.263699662695023,1.268677404377409,0.943418038840509,0
container01_indoor,316,309,0.9502860903739929,1.3204891294795091,1.3299413198760066,0.9888165530343885,0
container01_indoor,341,316,0.9502814412117004,1.2505231184633339,1.296035771509041,0.9351485405995387,0
container01_indoor,472,450,0.7932018041610718,1.3447876431313492,,,0
container01_indoor,530,500,0.9432550072669983,1.2538831257769536,,0.9208650702535951,0
container01_indoor,541,530,0.9161515831947327,1.3760107078713126,1.2749872223130754,0.9165518901387663,0
container01_indoor,594,550,0.7501375079154968,1.2974227357547594,1.3809696330503676,0.9112028895806047,0
container01_indoor,616,600,0.7860581278800964,1.3075902127139918,,,0
container01_indoor,657,650,0.9457597732543945,1.2877154706140688,1.3098159090565802,0.9066461042564231,0
container01_indoor,742,700,0.8352842330932617,1.3357825337278282,1.3290294683456392,0.8872583180874694,0
container01_indoor,744,742,0.8315174579620361,1.250314501605817,1.2276368349726072,0.8265160218073067,0
container01_indoor,746,744,0.8175953030586243,1.2714727156178132,1.2469243825826075,0.8831662121157271,0
container01_indoor,760,746,0.8285409212112427,2.1361592586494744,,,0
cup08_indoor,12,0,0.791940450668335,1.265259114425531,1.2338651825661573,0.8683004973900239,0
cup08_indoor,179,100,0.765445351600647,1.4892247664887108,1.474895104074334,0.9527696265670327,0
cup08_indoor,199,179,0.8915075063705444,1.3717092044814456,1.3678332288460768,0.921647426642782,0
cup08_indoor,265,200,0.780976414680481,1.2725042214656812,1.244533501503128,0.8768206352420347,0
cup08_indoor,513,500,0.7886478304862976,1.3422513866902557,1.3731164977556232,0.8731961944843094,0
cup08_indoor,546,513,0.8383883833885193,1.2972908517974955,1.3249218681327388,0.8416131561399157,0
cup08_indoor,624,546,0.7627779841423035,1.2602213953924521,1.3062730213662097,0.8886393959897725,0
cup08_indoor,696,650,0.769033670425415,1.273316351400044,1.4995308834912637,0.7753085056273463,0
cup08_indoor,721,700,0.807044267654419,1.4098016111030311,1.4629666753595822,0.7613736818607699,0
cup08_indoor,1243,1200,0.890816330909729,1.3067021155855558,1.278520779891897,0.9675156156644816,0
cup08_indoor,1328,1300,0.8229387402534485,1.2602634976343163,1.327367606168224,0.8899080093821613,0
cup08_indoor,1344,1328,0.9018333554267883,1.2520049190734195,1.3273676061682242,0.9197906623349145,0
cup08_indoor,1426,1350,0.7901645302772522,1.349795363184803,1.283119790353339,0.8515838413118878,0
cup10_indoor,323,250,0.7800010442733765,1.2885519607346585,1.3159304435762658,0.9074286380931567,0
cup10_indoor,333,323,0.8469814658164978,1.3752129550335834,1.3546425325440818,0.9396896004717905,0
cup10_indoor,394,350,0.8569314479827881,1.497081279039129,1.4611188935376311,0.8737318285484511,0
cup10_indoor,427,400,0.8077402710914612,1.7240653403138568,1.5071259308460496,0.8177267054173418,0
cup10_indoor,439,427,0.8184497356414795,1.679737863458593,1.7505101297295353,0.8860230642391639,0
cup10_indoor,452,439,0.792874813079834,1.5829203221089578,1.0257750495183884,0.4435782522353921,0
cup10_indoor,527,500,0.9088168144226074,1.2608095019679695,1.1638287479252927,0.9487220975696651,0
cup10_indoor,543,527,0.9345285296440125,1.265570064765994,1.2403825026315338,0.9662710430169362,0
cup10_indoor,945,900,0.8439419865608215,1.2506034343420482,1.3116930740606663,0.8588773505503635,0
cup10_indoor,991,950,0.7918553948402405,1.2511860024513801,1.2310657479667744,0.8999742178806881,0
cup10_indoor,1194,1100,0.832416832447052,1.2641360709053246,1.3183061232061233,0.8495460620704751,0
cup10_indoor,1209,1200,0.7771897315979004,1.555181443008541,1.0730166654195032,0.426402083084983,0
cup10_indoor,1361,1350,0.8126911520957947,1.2613963142025721,1.2364204916548043,0.9011958402851662,0
cup10_indoor,1369,1361,0.9309699535369873,1.2531951112983855,1.186611131336418,0.874439703590046,0
cup10_indoor,1724,1700,0.7766918540000916,1.3038047184306414,1.2764444150951448,0.8849654042722533,0
cup10_indoor,1773,1750,0.8336552977561951,1.264342556491941,1.210559600124895,0.9300557181505623,0
cup10_indoor,1854,1773,0.8304048180580139,1.968702337114476,1.0116778457058668,0.0,36
cup10_indoor,1899,1854,0.9155043959617615,1.662708406605626,1.1823404729953382,0.9299778196354151,0
cup10_indoor,1921,1900,0.8162575960159302,1.2653917490367725,1.3089853409992107,0.8599153612105284,0
cup10_indoor,2006,2000,0.7779733538627625,1.2615586857882863,1.2814465510343749,0.9460776717969037,0
cup10_indoor,2047,2006,0.8008302450180054,1.262247183156262,1.1350863635123007,0.7650605089416935,0
cup10_indoor,2076,2050,0.8654015064239502,1.2624482136367616,1.4428587707135665,0.8940886844047671,0
cup10_indoor,2128,2076,0.7529417276382446,1.7453582859716306,1.4869281029494594,0.03044863095646424,2
cup13_indoor,268,100,0.7817756533622742,1.256287896365095,1.121658095462643,0.8932293965446437,0
egg_indoor,888,850,0.8284475207328796,1.2828904529194065,1.3618169680781094,0.8322869258161939,0
egg_indoor,899,888,0.7530556917190552,1.3015998198997003,1.303065538635643,0.8523568829853532,0
egg_indoor,977,950,0.7566754221916199,1.305637027161423,1.2580823291265182,0.9319985565847382,0
egg_indoor,1047,1000,0.8796758055686951,1.300561139549517,1.2522706649050828,0.9184023235576619,0
egg_indoor,1094,1050,0.8855303525924683,1.3636915163998777,1.2798167972341816,0.8625183542551005,0
egg_indoor,1144,1100,0.7504606246948242,1.322745593715001,1.4680996583779693,0.7541548290441186,0
egg_indoor,1169,1150,0.7505680322647095,1.3854905823687915,1.3008872711759818,0.8746164083206247,0
egg_indoor,1189,1169,0.76646488904953,1.3617494334691544,1.286019499792345,0.9083693618363827,0
egg_indoor,1374,1300,0.8800209760665894,1.2559229165438979,1.3135791548583706,0.9282341627710905,0
egg_indoor,1906,1850,0.8222119212150574,1.251332211838761,1.235473663601939,0.8848122882594693,0
egg_indoor,2006,1950,0.80911785364151,1.3418788446795296,1.3631084021929556,0.9208103442590003,0
egg_indoor,2038,2006,0.769031286239624,1.306290037840545,1.282638409811035,0.7747927342543703,0
egg_indoor,2060,2038,0.8693757057189941,1.255816658443223,1.306747598319693,0.8377901819432018,0
egg_indoor,2269,2250,0.8148620128631592,1.3056726775734233,1.288209128449527,0.8707406497909372,0
egg_indoor,2331,2300,0.8501968383789062,1.339104106811309,1.297238714665995,0.8765665168703763,0
egg_indoor,2580,2550,0.838322639465332,1.2747469305041679,1.277378733411289,0.851282625754405,0
egg_indoor,2679,2650,0.7641187310218811,1.332698683800563,1.3211872366495652,0.9183727934197631,0
egg_indoor,2698,2679,0.7657836675643921,1.2587344893416446,1.3260135823061383,0.8949899909561473,0
egg_indoor,2878,2850,0.8215948343276978,1.2539334254900094,1.2236508605690712,0.865590583288778,0
egg_indoor,2881,2878,0.8261576890945435,1.2607682780014136,1.2139539573337679,0.8949435903045494,0
egg_indoor,2906,2881,0.9243571162223816,1.5674384065197426,1.6132673612725723,0.9252247777227295,0
egg_indoor,3195,3100,0.8100650310516357,1.3143417622059732,1.3542136096499573,0.8679432948270713,0
egg_indoor,3230,3195,0.8276620507240295,1.2581230156989942,1.2765694770084508,0.8593332686645953,0
egg_indoor,3237,3230,0.8032588362693787,1.3099219316936748,1.2918844829323477,0.8786385990140592,0
egg_indoor,3426,3350,0.7932796478271484,1.3825676239252584,1.3693063937629153,0.8655551982633672,0
egg_indoor,3444,3426,0.8669038414955139,1.252895628134749,1.157321882362007,0.9397383024104805,0
egg_indoor,3547,3500,0.8031320571899414,1.560559149531296,1.434491251808512,0.8837575934953747,0
flower02_wild,68,0,0.8385102152824402,1.3097923928569892,1.2419991609080274,0.8859063988376205,0
flower02_wild,90,68,0.7861769199371338,1.4107198033732682,1.280043258248859,0.8796916715796199,0
flower02_wild,271,100,0.8437806963920593,1.324076196022703,1.1781541232144197,0.8830705259438757,0
flower02_wild,388,300,0.7521565556526184,1.7368192016274824,1.631852199366347,0.837847694456386,0
flower02_wild,392,388,0.8344711661338806,1.4653346282009374,1.4726538781550094,0.8295400026071296,0
flower02_wild,433,400,0.7982168793678284,1.2927865068729392,1.1041239395616071,0.7640986763303785,0
flower02_wild,538,450,0.7512257099151611,1.2839225671609185,,,0
flower02_wild,547,538,0.8182065486907959,1.676722860729858,,,0
flower02_wild,556,550,0.8147579431533813,1.4470333364030679,2.2067345602393686,0.8540701249219063,0
flower02_wild,572,556,0.8780753016471863,1.2694261025851252,1.1630512336277412,0.8830545356435338,0
flower02_wild,651,572,0.8939553499221802,1.2533335069442761,1.1547005383792515,0.6775173688450067,0
flower03_indoor,70,0,0.8242872357368469,1.266079704693811,1.252501740998963,0.8878472165563076,0
flower03_indoor,94,70,0.8868191242218018,1.270036711630993,1.2525017409989627,0.9411554517250648,0
flower03_indoor,106,100,0.8066515922546387,1.2752046546470563,1.198738833072478,0.9160427231145629,0
flower03_indoor,129,106,0.7993932366371155,1.2560562044312482,1.198738833072478,0.8925969794353582,0
flower03_indoor,137,129,0.7948283553123474,1.2922958852790893,1.2909944487358056,0.9233589634559218,0
flower03_indoor,258,137,0.7609206438064575,2.070299223072382,2.0291986247835694,0.8848167625944882,0
flower03_indoor,292,258,0.7943493127822876,1.2531291037543364,1.247219128924647,0.9056099434896941,0
flower03_indoor,321,300,0.8872551918029785,1.2639740826713024,1.3801311186847083,0.7709755799595945,0
flower03_indoor,540,350,0.91734778881073,1.3008715600771927,1.2747548783981961,0.8818399286170812,0
flower03_indoor,631,550,0.876727819442749,1.2839250210580746,1.2508134278144354,0.847395473562284,0
flowerbasket_indoor,48,0,0.7524115443229675,1.3435808385364925,1.3536240750836115,0.9507590317505685,0
flowerbasket_indoor,58,50,0.7556875348091125,1.2714066125379715,1.4295326436559135,0.8246928460784752,0
flowerbasket_indoor,169,150,0.8800294995307922,1.3076348226415666,1.4217160742372863,0.9545728787643261,0
flowerbasket_indoor,189,169,0.8696284890174866,1.2663775188978477,1.3065036822212763,0.8971038679989982,0
flowerbasket_indoor,295,250,0.7741850018501282,1.270643654554859,1.2093386622447824,0.876443008677083,0
flowerbasket_indoor,301,295,0.768429696559906,1.3093112538656606,1.4166530166766902,0.8199590568714465,0
flowerbasket_indoor,445,301,0.8550207018852234,1.6028273389218994,1.8352747640524654,0.9302059859281318,0
flowerbasket_indoor,455,445,0.9134918451309204,1.3216316699309933,1.3912166872805047,0.9433883130371481,0
flowerbasket_indoor,464,455,0.9166659712791443,1.2508955254329983,1.2372809695177827,0.8795529484742528,0
flowerbasket_indoor,480,464,0.8987412452697754,1.2971427669127709,1.3187027990834044,0.9243344170904617,0
flowerbasket_indoor,484,480,0.795530378818512,1.2657497246134775,1.2770401884835216,0.9585409141393487,0
flowerbasket_indoor,503,484,0.9222311973571777,1.2589863521870364,1.2327567373897228,0.9190166506722621,0
flowerbasket_indoor,512,503,0.7579338550567627,1.351864127968091,1.3870250119728857,0.9339503823524883,0
flowerbasket_indoor,526,512,0.9161292910575867,1.2776719835916686,1.1984838907401452,0.8993244802877172,0
flowerbasket_indoor,531,526,0.8501490950584412,1.3551418631205245,1.3521873720643094,0.9055324314130907,0
flowerbasket_indoor,540,531,0.8104571104049683,2.0073190619048664,1.7635327745437428,0.8523740981001703,0
flowerbasket_indoor,544,540,0.7951690554618835,1.4083956599656788,1.3238699252371315,0.9395629695584667,0
flowerbasket_indoor,557,550,0.931934654712677,1.2722565926673322,1.2769695928236384,0.9677671539288557,0
flowerbasket_indoor,598,557,0.939907968044281,1.285140687796393,1.26866146615589,0.927729097895991,0
flowerbasket_indoor,613,600,0.9200460910797119,1.2849848642899862,1.3235626852620852,0.945318298151941,0
flowerbasket_indoor,639,613,0.8680739402770996,1.2573969092596962,1.3292741240879162,0.9374027772522461,0
flowerbasket_indoor,656,650,0.7659342288970947,1.2620481890897095,1.2057118019311954,0.8971531138975867,0
flowerbasket_indoor,660,656,0.899987518787384,1.2995613905297982,1.4605804306877486,0.8147371765737502,0
flowerbasket_indoor,684,660,0.8680109977722168,1.2711733435189225,1.382852378872881,0.9423968622874965,0
flowerbasket_indoor,688,684,0.8406680822372437,1.2571525072087304,1.2480938797496477,0.8961575492062157,0
flowerbasket_indoor,720,688,0.7724141478538513,1.6149915702873126,1.5526262100544832,0.9185622125220305,0
flowerbasket_indoor,951,720,0.7593720555305481,3.9863845891786958,1.187013882373396,0.0,46
ghostmask_indoor,33,0,0.921841025352478,1.2716394213660762,1.245368779208157,0.9413525488552802,0
ghostmask_indoor,190,150,0.7786650657653809,1.2827430005724703,1.3222519059470033,0.8949632065145409,0
ghostmask_indoor,210,200,0.8947280645370483,1.3231333600446475,1.2974333637352375,0.8253898321332855,0
ghostmask_indoor,222,210,0.7730592489242554,1.2567048974636146,1.3774008863003637,0.8134268532143761,0
ghostmask_indoor,317,222,0.8707157969474792,1.289103477899755,1.3584387108829372,0.8952279351424923,0
ghostmask_indoor,483,450,0.9151729941368103,1.2742910252054724,1.275761987537348,0.9145751701756835,0
ghostmask_indoor,539,500,0.8633298873901367,1.2647778529782314,1.3231870969357105,0.920408772500888,0
ghostmask_indoor,551,539,0.9227129817008972,1.325312923554766,1.3337108562906854,0.9180016333865769,0
ghostmask_indoor,717,650,0.7605035901069641,1.3411043421768243,,,0
ghostmask_indoor,738,717,0.7965008020401001,1.812458643303059,,0.717370928578935,0
ghostmask_indoor,744,738,0.8899454474449158,1.3237355486933495,1.3123023297168046,0.8905439630788435,0
ghostmask_indoor,762,750,0.8541046977043152,1.3118073646782347,1.3949716649258315,0.9569748368849749,0
ghostmask_indoor,817,800,0.7721972465515137,1.404182996853946,,,0
ghostmask_indoor,832,817,0.7634901404380798,1.5670181680944097,,,0
ghostmask_indoor,927,900,0.7602519392967224,1.8584802760876311,1.0440603966252346,0.7701223536999681,0
ghostmask_indoor,930,927,0.8073787689208984,1.3170288999305688,1.6357531931871148,0.810819227206219,0
ghostmask_indoor,959,950,0.8980015516281128,1.256353065800269,1.2634185431179723,0.933237375016277,0
ghostmask_indoor,974,959,0.7961052656173706,1.2910120692342595,1.0859702145965522,0.7581988118062651,0
ghostmask_indoor,1073,1000,0.8467385172843933,1.3997911772878193,1.4163871271504032,0.9113951600783616,0
ghostmask_indoor,1094,1073,0.778039813041687,1.3204727827749176,1.1692629307123634,0.817287157338164,0
ghostmask_indoor,1110,1094,0.778390109539032,1.3345448951888998,1.392488560184213,0.8623609523960296,0
ghostmask_indoor,1127,1110,0.9305963516235352,1.2771561349282583,1.1502915855153062,0.8970271239580249,0
glass03_indoor,96,50,0.8722039461135864,1.2959859363891002,1.2853957868590131,0.9547496631748709,0
mobilephone01_indoor,14,0,0.8003705143928528,1.288834463633469,1.1155937830201013,0.749234710941258,0
mobilephone01_indoor,18,14,0.8423134088516235,1.2696103945413308,1.3169338911587207,0.7956315376549635,0
mobilephone01_indoor,99,50,0.8294084668159485,1.258759859740071,1.302484432331418,0.9165144774881633,0
mobilephone01_indoor,109,100,0.8905037641525269,1.2562556687467354,1.2220201853215573,0.918650605463899,0
mobilephone01_indoor,146,109,0.8410317897796631,1.2918584604496308,1.2255267066907438,0.8788436902386163,0
mobilephone01_indoor,153,150,0.9175812005996704,1.2670785307579535,1.208214190156255,0.9301869267980116,0
mobilephone01_indoor,167,153,0.8026868104934692,1.2562973487766287,1.2532010295690075,0.9323632139833213,0
mobilephone01_indoor,196,167,0.7888146042823792,1.2589818771423855,1.2631783952077624,0.9520905201973139,0
mobilephone01_indoor,215,196,0.8719907402992249,1.26700561072093,1.191702144274973,0.92551033240166,0
mobilephone01_indoor,224,215,0.8194472789764404,1.3109475803827575,1.2410902509057293,0.8401686821206911,0
mobilephone01_indoor,256,224,0.7755199074745178,1.282858544438407,1.3543137871873836,0.7184906457657264,0
mobilephone01_indoor,258,256,0.907941997051239,1.322970760238852,1.3631367716197293,0.9110080450328225,0
mobilephone01_indoor,371,350,0.8520235419273376,1.2521017218308697,1.203681479819032,0.8992022130383043,0
mobilephone01_indoor,375,371,0.799592137336731,1.3259532441845316,1.205274002870254,0.9125096629500686,0
mobilephone01_indoor,409,375,0.8943911194801331,1.2527043697756963,1.2042478008937558,0.928979190837001,0
mobilephone01_indoor,414,409,0.9103588461875916,1.2586471869507576,1.2779638059670164,0.9699340467081525,0
mobilephone01_indoor,424,414,0.8729079365730286,1.2709017298606766,1.2043634449924843,0.8047828538125249,0
mobilephone01_indoor,426,424,0.7957204580307007,1.2500578911816809,1.1402085711789187,0.9264087791153893,0
mobilephone01_indoor,465,450,0.9226235747337341,1.250651334908328,1.358990873490756,0.9051910558741274,0
mobilephone01_indoor,479,465,0.7795504927635193,1.4125847990100464,1.4413527207914651,0.9419078057589708,0
mobilephone01_indoor,489,479,0.8014315366744995,1.3525276561359694,1.4351360160679492,0.8050025418525031,0
mobilephone01_indoor,504,489,0.8755576610565186,1.4000222802323348,1.4884168150705015,0.9503985291821481,0
mobilephone01_indoor,547,504,0.8633070588111877,1.4122083892843225,1.3620762592862086,0.9359728943237403,0
mobilephone01_indoor,576,547,0.9147183299064636,1.2938090736590953,1.2090770467846785,0.9282484535794081,0
mobilephone01_indoor,652,576,0.8212988376617432,1.474381441494266,1.4234935989789437,0.8552356824276613,0
mobilephone01_indoor,666,652,0.7919504046440125,1.5152085685707353,1.5021352323976216,0.8804046555184804,0
mobilephone01_indoor,912,666,0.8050830960273743,1.2550298290087758,1.1821252672285403,0.9397040101156404,0
mobilephone01_indoor,945,912,0.7507607936859131,2.719560492506258,2.3759548165574573,0.75742970610392,0
mobilephone02_indoor,31,0,0.8383203744888306,1.3331541797762978,1.2755089481940443,0.9076385515577977,0
mobilephone02_indoor,61,31,0.7903995513916016,1.388326796296844,1.386624416605763,0.6946367208330385,0
mobilephone02_indoor,101,61,0.8986013531684875,1.7597711759167423,1.7412116993111957,0.8608902221846743,0
mobilephone02_indoor,109,101,0.8660888075828552,1.312207997899513,1.3122617806928332,0.8209364476695006,0
mobilephone02_indoor,123,109,0.7989094853401184,1.274686994252599,1.2686285045467316,0.8932412704945858,0
mobilephone02_indoor,163,150,0.8523568511009216,1.3010016980712729,1.4244246232238393,0.8946947079237266,0
mobilephone02_indoor,172,163,0.9293851256370544,1.2669539953492277,1.1780622597429593,0.8921765212622549,0
mobilephone02_indoor,194,172,0.9212530851364136,1.2619994772591543,1.2363473535195433,0.9298760696687427,0
mobilephone02_indoor,214,200,0.9376381635665894,1.2908189016182832,1.259447059844805,0.8926008278841193,0
mobilephone02_indoor,225,214,0.9352113604545593,1.2612926368520452,1.2306511370249829,0.9182406320180638,0
mobilephone02_indoor,278,250,0.8696593642234802,1.315869456366161,1.2613124477737827,0.9232910219173287,0
mobilephone02_indoor,354,350,0.7704328894615173,1.2824533077035765,1.208291605046458,0.8629815188012911,0
mobilephone02_indoor,430,354,0.8702036142349243,1.8900472346044004,,,0
notebook02_indoor,32,0,0.8569110631942749,1.2564507385778247,1.2671360632611248,0.951412168213455,0
notebook02_indoor,54,50,0.8905557990074158,1.3009656989343998,1.2492667212201847,0.9034146359739208,0
notebook02_indoor,57,54,0.7867294549942017,1.3073498629507603,1.4214179572501024,0.9121055013967824,0
notebook02_indoor,66,57,0.8174237012863159,1.2639564622540636,1.3423258214112455,0.8579248949448715,0
notebook02_indoor,72,66,0.9031881093978882,1.265465274059042,1.2440333788202982,0.9454952582041737,0
notebook02_indoor,80,72,0.9534103870391846,1.25506025503423,1.278735639280002,0.9367348013644928,0
notebook02_indoor,98,80,0.935897946357727,1.2849608637707357,1.3355958160372412,0.9288646428100867,0
notebook02_indoor,106,100,0.9142993688583374,1.3460432610613877,1.2606687567659136,0.8284232982988164,0
notebook02_indoor,115,106,0.9177947640419006,1.2637943417807078,1.2050940016426233,0.966007212312412,0
notebook02_indoor,120,115,0.9448498487472534,1.3158949329796787,1.3490123308969624,0.9188639242595941,0
notebook02_indoor,128,120,0.9527431726455688,1.2653740853725162,1.2356699158798745,0.9494504863295127,0
notebook02_indoor,157,150,0.765175998210907,1.285707917926219,1.2756796190917363,0.9357130446661001,0
notebook02_indoor,172,157,0.7858944535255432,1.2843307948356273,1.2510552598716296,0.8675020631406455,0
notebook02_indoor,196,172,0.7769612669944763,1.3160503314177951,1.3146005489024426,0.8660675794276594,0
notebook02_indoor,212,196,0.8984899520874023,1.2535059670648403,1.1919390991437664,0.9376833999100671,0
notebook02_indoor,224,212,0.8814252614974976,1.320855215420036,1.2866200373487893,0.924775456107799,0
notebook02_indoor,232,224,0.862495481967926,1.2626105195068729,1.203443335628631,0.9187115606662227,0
notebook02_indoor,280,232,0.9080537557601929,1.4751480042454441,1.3891239480928472,0.9632186014315234,0
notebook02_indoor,297,280,0.8523342609405518,1.2864508339024543,1.2462080886085771,0.9537274308467194,0
notebook02_indoor,324,300,0.9194788336753845,1.2785750495482295,1.1976211276237774,0.9008597671069251,0
notebook02_indoor,349,324,0.8611558079719543,1.2513832083479761,1.1982046215086386,0.9323801970189418,0
notebook02_indoor,369,350,0.8746157288551331,1.3111675815699753,1.2965829642776596,0.8961633335470248,0
notebook02_indoor,381,369,0.8219180107116699,1.3096221022824157,1.273348251897068,0.8667062686875948,0
notebook02_indoor,401,381,0.7581390142440796,1.2633609217836874,1.4029447488244033,0.8643628288337311,0
notebook02_indoor,422,401,0.7910648584365845,1.3096532333598756,1.502496452850696,0.8531153901705074,0
notebook02_indoor,436,422,0.845586359500885,1.2897831982020647,1.2474974949874649,0.9212646666595771,0
notebook02_indoor,447,436,0.9285926818847656,1.2728620774336152,1.2257691626732345,0.8789398987090222,0
notebook02_indoor,458,450,0.8754963278770447,1.27597493559785,1.311887923109209,0.9298862186272319,0
notebook02_indoor,471,458,0.9239987134933472,1.275743227650226,1.2893322947714876,0.9259788623675207,0
notebook02_indoor,559,550,0.9207577705383301,1.2757476613493084,1.3102899361819569,0.8728993425772862,0
notebook02_indoor,566,559,0.8158147931098938,1.2639586075899014,1.1564382376894848,0.836395435805434,0
notebook02_indoor,579,566,0.7663009166717529,1.2835120439403858,1.2906055364062288,0.8362218312030044,0
notebook02_indoor,599,579,0.7760406136512756,1.4074581102052035,1.4414685062959403,0.9147809566829034,0
notebook02_indoor,621,600,0.9134047031402588,1.4969536843286635,1.5521010641596569,0.9351003316476495,0
notebook02_indoor,639,621,0.7527468800544739,1.3387123006407275,1.3266499161421599,0.9050270878545168,0
notebook02_indoor,654,639,0.8517199754714966,1.3167502295916433,1.267388855010143,0.9388770350627492,0
notebook02_indoor,697,654,0.7676085233688354,1.4992292082177463,1.3939418939809027,0.855729829154923,0
notebook02_indoor,708,697,0.8500968217849731,1.2661709213012349,1.176944875933753,0.9534562061236384,0
notebook02_indoor,718,708,0.7724519371986389,1.3304920520809436,1.2993676017138343,0.9174005010893012,0
notebook02_indoor,770,750,0.7907671928405762,1.2500915638646792,1.1906227016071957,0.860937858880998,0
notebook02_indoor,777,770,0.9354209303855896,1.3284763462450127,1.234107949943335,0.8781636709931205,0
notebook02_indoor,779,777,0.87900710105896,1.3084491316052869,1.32653506959248,0.9206661964449933,0
notebook02_indoor,846,779,0.922869861125946,1.3216522946056397,1.2374018890009209,0.8743753905777569,0
notebook02_indoor,858,850,0.8507543206214905,1.2798865801597368,1.2162606385262997,0.9639208517526815,0
notebook02_indoor,878,858,0.9267110824584961,1.2690748085619672,1.1987595730368916,0.9068805215384267,0
notebook02_indoor,908,900,0.9311093688011169,1.2761853059147612,1.2413836774544993,0.8979787792549724,0
notebook02_indoor,912,908,0.8688201904296875,1.2621051235734568,1.225077384326717,0.9197979196349997,0
notebook02_indoor,923,912,0.905850350856781,1.2870597347195347,1.2440801496299025,0.9222578423455235,0
notebook02_indoor,933,923,0.9446681141853333,1.2600418863944576,1.260242249059993,0.9075064786444923,0
notebook02_indoor,953,933,0.7832074165344238,1.2718860870736524,1.2782650143170406,0.9355156994095544,0
notebook02_indoor,958,953,0.7534584403038025,1.4021634984086475,1.3784048752090223,0.9524958733299138,0
notebook02_indoor,985,958,0.9021479487419128,1.4357669932120278,1.429840705968481,0.8941980581541599,0
notebook02_indoor,1027,1000,0.9093828797340393,1.2911625009751153,1.2543029387149525,0.8940100284625665,0
notebook02_indoor,1085,1050,0.7700746655464172,1.600521165646918,1.8151489856814467,0.8257381309719329,0
notebook02_indoor,1090,1085,0.8654448986053467,1.6423412194416342,1.8238547861580798,0.8934784668247098,0
notebook02_indoor,1102,1100,0.8277410864830017,1.2677724521108436,1.2694033180193665,0.8493746812442657,0
notebook02_indoor,1125,1102,0.8482465744018555,1.3765068782613596,1.5633768442671252,0.8352432804447604,0
notebook02_indoor,1132,1125,0.8393441438674927,1.3204705450299095,1.3922864426767714,0.9173821498698219,0
notebook02_indoor,1157,1132,0.9148629307746887,1.4708199042017482,1.332567181840243,0.8642502926613611,0
notebook02_indoor,1170,1157,0.7653710842132568,1.319834773089252,1.25,0.9320951968710316,0
notebook02_indoor,1309,1170,0.7878148555755615,1.280529062534295,1.2199324957216473,0.8289499924039061,0
notebook02_indoor,1320,1309,0.9215003252029419,1.3495475654385256,1.257477633995929,0.8751658919050076,0
notebook02_indoor,1502,1400,0.7790500521659851,1.3444873969488047,1.3274083723605885,0.9622815764897945,0
notebook02_indoor,1506,1502,0.9329452514648438,1.257643348158748,1.1788794349512965,0.9110394262728697,0
notebook02_indoor,1511,1506,0.8069824576377869,1.5811107084328693,1.543080542608068,0.8262706246610206,0
notebook02_indoor,1530,1511,0.8276610374450684,1.4687810048918986,1.5763402186230244,0.0,1
notebook02_indoor,2339,2300,0.9405514001846313,1.504960417605892,1.899073848348579,0.9017851353261036,0
notebook02_indoor,2342,2339,0.8105325102806091,1.3432349568311959,1.3108105995535155,0.8800195592903892,0
notebook02_indoor,2349,2342,0.7722979187965393,1.3260993733061037,1.1891320732867725,0.8210212035811791,0
notebook02_indoor,2355,2350,0.8126903772354126,1.3127963487333936,1.183933187671192,0.8134434705848312,0
notebook02_indoor,2362,2355,0.9145447611808777,1.2720892310340837,1.2509686169605354,0.8927011361116164,0
notebook02_indoor,2382,2362,0.7713769674301147,1.312692915296474,1.2719399375002203,0.836062243142486,0
notebook02_indoor,2395,2382,0.8642315864562988,1.2526017396743092,1.2028224591640577,0.9428442598265392,0
notebook02_indoor,2399,2395,0.93951815366745,1.263557818576163,1.2613342809316723,0.9453589196854623,0
notebook02_indoor,2444,2400,0.8458614945411682,1.2596374672258417,1.6690459207925603,0.44223603399510614,0
notebook02_indoor,2467,2450,0.8462028503417969,1.5057524531379938,1.1336959282277812,0.0820376334060124,0
notebook02_indoor,2487,2467,0.9327065348625183,2.0389367576725914,1.6996638562611202,0.9149294998922312,0
