anchor_key,sequence,anchor,direction,progress,run_length,source_frame_zero_based,source_frame_one_based,previous_iou,failure_iou,failure_confidence,h10_mean_confidence,h10_mean_iou,prediction_center_error_gt_scale,prediction_to_gt_area_ratio,minimum_factor_for_target_center,minimum_factor_for_full_target_box,onset_search_class,factor4_crop_side,factor4_center_inside,factor4_box_fraction_inside,factor4_box_fully_inside,factor6_center_inside,factor7_center_inside,h10_factor4_center_inside_count,h10_factor6_center_inside_count,h10_factor7_center_inside_count
ball06_indoor_2@0F,ball06_indoor_2,0,forward,193,337,193,194,0.7094594594594594,0.0,0.37966958,0.572059636,0.0,1.2621731349768075,1.3934097649485306,1.248187572254628,2.1500572901408415,inside_factor4,94,True,1.0,True,True,True,2,3,3
ball06_indoor_2@149F,ball06_indoor_2,149,forward,44,188,193,194,0.7407407407407407,0.0,0.3791351,0.5530376610000001,0.0,1.24995061177051,1.3526423396637792,1.2430840401656984,2.1446567084848427,inside_factor4,94,True,1.0,True,True,True,2,3,3
ball06_indoor_2@199B,ball06_indoor_2,199,backward,87,200,112,113,0.6842105263157895,0.017654476670870115,0.33844253,0.552420106,0.0017654476670870116,1.1155647421114987,1.163620753121062,1.3851911911573174,2.350227178819051,inside_factor4,112,True,1.0,True,True,True,2,2,3
ball06_indoor_2@298B,ball06_indoor_2,298,backward,46,299,252,253,0.75,0.0,0.4437212,0.419535164,0.0,1.1270799390813173,1.0023474944897648,2.056176497934869,2.97898488929468,inside_factor4,96,True,1.0,True,True,True,1,2,2
ball06_indoor_2@329B,ball06_indoor_2,329,backward,77,330,252,253,0.6873977086743044,0.0,0.25543824,0.428668787,0.0,1.1423844754945076,0.9728208886923967,2.142298521365228,3.095220566981084,inside_factor4,93,True,1.0,True,True,True,1,2,2
ball06_indoor_2@50F,ball06_indoor_2,50,forward,143,287,193,194,0.7692307692307693,0.0,0.39331332,0.596898141,0.0,1.2520821480684994,1.3038370102565129,1.3054374557018644,2.230929656575771,inside_factor4,91,True,1.0,True,True,True,2,3,3
ball06_indoor_2@99F,ball06_indoor_2,99,forward,94,238,193,194,0.6840390879478827,0.0,0.36741152,0.5419672170000001,0.0,1.2398325031307065,1.3794839121185472,1.1816134240742486,2.0677443563950857,inside_factor4,95,True,1.0,True,True,True,2,3,3
bandlight_indoor_1@1050B,bandlight_indoor_1,1050,backward,280,1051,770,771,0.40087829360100374,0.05752111390093586,0.42527193,0.615222692,0.05151397959175667,1.0606901263093274,0.656690987355557,1.1026259583009765,3.939099451435184,inside_factor4,158,True,1.0,True,True,True,10,10,10
bandlight_indoor_1@1100B,bandlight_indoor_1,1100,backward,327,1101,773,774,0.1573861021629084,0.06401137980085349,0.37296525,0.64864055,0.051674159671836806,1.101590607196723,0.6777150048873991,2.1053774055985492,4.554375879850209,inside_factor4,182,True,0.8918918918918919,False,True,True,10,10,10
bandlight_indoor_1@500F,bandlight_indoor_1,500,forward,432,685,932,933,0.7212238950947062,0.0,0.17385459,0.619075606,0.0,1.5313979217724136,0.5782748006990829,0.03785717767463756,1.1744800601640202,inside_factor4,226,True,1.0,True,True,True,9,10,10
bandlight_indoor_1@850B,bandlight_indoor_1,850,backward,77,851,773,774,0.1339044183949504,0.06716768435885392,0.63605404,0.694772351,0.05769232013244033,1.101233090077229,0.7045306921742819,2.2603013661554114,4.717841417541571,inside_factor4,181,True,0.8558558558558559,False,True,True,10,10,10
bandlight_indoor_1@900B,bandlight_indoor_1,900,backward,132,901,768,769,0.11182108626198083,0.09325311559948432,0.6227115,0.538282882,0.08268617523600014,1.0301368191072167,0.8225610757136539,2.000402440609176,4.290956510415056,inside_factor4,196,True,0.9375,False,True,True,10,10,10
cube02_indoor_1@300B,cube02_indoor_1,300,backward,127,301,173,174,0.9079236977256053,0.0,0.20988874,0.681060392,0.0,4.276635715338894,0.43224876416155916,5.848641030560799,6.827249733039487,factor6_only,201,False,0.0,False,True,True,0,1,1
cube02_indoor_1@350B,cube02_indoor_1,350,backward,177,351,173,174,0.8682170542635659,0.0,0.21735857,0.688051958,0.0,4.276721340453734,0.44003733544101237,5.783385309820338,6.755324141578976,factor6_only,202,False,0.0,False,True,True,0,1,1
cube02_indoor_1@400B,cube02_indoor_1,400,backward,227,401,173,174,0.905823148813803,0.0,0.1979366,0.6917334589999999,0.0,4.2796977696153995,0.44282392597276443,5.767637829892788,6.733258053196756,factor6_only,203,False,0.0,False,True,True,0,1,1
cube02_indoor_1@450B,cube02_indoor_1,450,backward,16,451,434,435,0.13775245986535473,0.0,0.51334625,0.838943876,0.0,0.9826086489922057,0.6965828490422775,1.876395748646694,2.9598163934906423,inside_factor4,185,True,1.0,True,True,True,7,10,10
cube02_indoor_1@506B,cube02_indoor_1,506,backward,333,507,173,174,0.8533145275035261,0.0,0.2262752,0.682200438,0.0,4.275541261840876,0.4275648409761162,5.785095967898334,6.7586198322870725,factor6_only,202,False,0.0,False,True,True,0,1,1
cube02_indoor_1@550B,cube02_indoor_1,550,backward,377,551,173,174,0.8533145275035261,0.0,0.2066856,0.687820155,0.0,4.262775415226444,0.4347679765668136,5.802803813355486,6.778036888700305,factor6_only,201,False,0.0,False,True,True,0,1,1
cube02_indoor_1@569B,cube02_indoor_1,569,backward,396,570,173,174,0.889967637540453,0.0,0.18570149,0.717021822,0.0,4.269721014076718,0.43500469956520754,5.856460128368365,6.834852347281081,factor6_only,201,False,0.0,False,True,True,0,1,1
cube05_indoor_1@0F,cube05_indoor_1,0,forward,9,111,9,10,0.9433962264150944,0.09751243781094528,0.48176083,0.820601138,0.022493117820389135,0.8112659400291417,0.9286764992314641,0.34752219714463056,1.2898302280855172,inside_factor4,203,True,1.0,True,True,True,10,10,10
cube05_indoor_1@110B,cube05_indoor_1,110,backward,88,111,22,23,0.8894776684330054,0.0,0.05595599,0.7433272200000001,0.0,1.8776143537201657,0.8680874728363259,0.04879269457654046,1.155710078071486,inside_factor4,199,True,1.0,True,True,True,10,10,10
cube05_indoor_4@0F,cube05_indoor_4,0,forward,281,299,281,282,0.926829268292683,0.0,0.17583343,0.71247565,0.0,1.5524221812768106,1.1292554491575726,0.03223661019473514,0.9919676600807734,inside_factor4,159,True,1.0,True,True,True,10,10,10
cube05_indoor_4@100F,cube05_indoor_4,100,forward,181,199,281,282,0.9030644152595372,0.0,0.17002258,0.622167758,0.0,1.5617967832366035,1.13849147977721,0.04986765909438858,1.0074922159975923,inside_factor4,159,True,1.0,True,True,True,10,10,10
cube05_indoor_4@149F,cube05_indoor_4,149,forward,132,150,281,282,0.8809523809523809,0.0,0.20549963,0.711716507,0.0,1.565218391600403,1.1991538361255651,0.025679048591086055,0.9781209213216675,inside_factor4,160,True,1.0,True,True,True,10,10,10
cube05_indoor_4@50F,cube05_indoor_4,50,forward,230,249,280,281,0.9255784865540964,0.0,0.1882206,0.621524154,0.0,1.567155657801958,1.187411588165187,0.031985861364190855,0.9859681317364977,inside_factor4,160,True,1.0,True,True,True,10,10,10
cube05_indoor_5@0F,cube05_indoor_5,0,forward,62,492,62,63,0.8537768537768538,0.03382949932341001,0.4159767,0.642041729,0.007399694982264492,0.8686494181454872,0.7584608952202714,0.11882073601782754,1.2145143467642965,inside_factor4,201,True,1.0,True,True,True,10,10,10
cube05_indoor_5@100F,cube05_indoor_5,100,forward,282,392,382,383,0.12691087395442746,0.09230769230769231,0.91407675,0.927827439,0.020256101173621407,0.926376331498678,1.471328812270151,1.5160289543515495,2.278075052532937,inside_factor4,195,True,1.0,True,True,True,10,10,10
cube05_indoor_5@150F,cube05_indoor_5,150,forward,232,342,382,383,0.20253164556962025,0.0711135611907387,0.81629926,0.909101923,0.015766775206661414,0.9595464104906345,1.4288360980641692,1.3559080637145418,2.0724825980103097,inside_factor4,207,True,1.0,True,True,True,10,10,10
cube05_indoor_5@200F,cube05_indoor_5,200,forward,182,292,382,383,0.1357263039820527,0.08200836820083682,0.8712076,0.878295372,0.014859047802622411,0.9470384744628989,1.455898336802867,1.466596724045993,2.2088687821365625,inside_factor4,200,True,1.0,True,True,True,10,10,10
cube05_indoor_5@387B,cube05_indoor_5,387,backward,90,388,297,298,0.13626834381551362,0.06260671599317018,0.91698295,0.935461361,0.008670310153533886,0.8832484508541931,1.3647634111106473,1.4854930252617087,2.242641362572176,inside_factor4,191,True,1.0,True,True,True,10,10,10
cube05_indoor_5@400B,cube05_indoor_5,400,backward,103,401,297,298,0.14562518922191947,0.06184987348889514,0.8927696,0.931566217,0.008565939729841895,0.8785453587961446,1.3887979328131526,1.4686959904592678,2.2295225641471625,inside_factor4,190,True,1.0,True,True,True,10,10,10
cube05_indoor_5@450B,cube05_indoor_5,450,backward,57,451,393,394,0.8422971741112124,0.0,0.5232122,0.730978579,0.008597215704472617,1.0246843897503655,1.074375792505717,0.08199746734478261,1.0696524780628953,inside_factor4,179,True,1.0,True,True,True,10,10,10
cube05_indoor_5@491B,cube05_indoor_5,491,backward,194,492,297,298,0.13804611650485438,0.06260671599317018,0.92391884,0.939046415,0.008670310153533886,0.8758883745544388,1.366704846696003,1.520415637814621,2.2899798359322467,inside_factor4,188,True,1.0,True,True,True,10,10,10
cube05_indoor_5@50F,cube05_indoor_5,50,forward,332,442,382,383,0.275,0.08190476190476191,0.51677185,0.808498314,0.02022342149502115,0.9687159006866978,1.4812500366034795,1.158967360361125,1.8362100447210952,inside_factor4,219,True,1.0,True,True,True,10,10,10
cube05_indoor_6@100F,cube05_indoor_6,100,forward,427,628,527,528,0.12787470261697065,0.0261172373766686,0.41867727,0.755838474,0.014214318058115852,0.8089763105462849,0.6352381355007071,1.78072725802677,2.8122351644169847,inside_factor4,191,True,1.0,True,True,True,10,10,10
cup02_indoor_1@0F,cup02_indoor_1,0,forward,455,1753,455,456,0.9709181553801413,0.0,0.31256557,0.817720778,0.0,1.0826471818441714,0.8802817756004515,0.02158531522366049,1.2459664768323988,inside_factor4,274,True,1.0,True,True,True,10,10,10
cup02_indoor_1@1006B,cup02_indoor_1,1006,backward,60,1007,946,947,0.1835564053537285,0.083595952894344,0.63814557,0.688512759,0.012243090435065468,0.7265811965390757,1.371391268552216,0.8450397237839942,1.585806891582763,inside_factor4,240,True,1.0,True,True,True,10,10,10
cup02_indoor_1@100F,cup02_indoor_1,100,forward,816,1653,916,917,0.3383188752617409,0.07805676855895197,0.47170347,0.537827116,0.007805676855895197,0.696034992998259,0.7207167304195353,0.9457462063817069,1.8140529852564589,inside_factor4,263,True,1.0,True,True,True,10,10,10
cup02_indoor_1@1050B,cup02_indoor_1,1050,backward,32,1051,1018,1019,0.851963746223565,0.010061311114604623,0.42482573,0.769623872,0.0010061311114604623,0.7792203703828893,0.8285862137104268,0.11379894312081099,1.3417820814062913,inside_factor4,229,True,1.0,True,True,True,10,10,10
cup02_indoor_1@1100B,cup02_indoor_1,1100,backward,82,1101,1018,1019,0.8797653958944281,0.010220125786163521,0.54373217,0.834285642,0.0010220125786163522,0.7829360406395073,0.8337011394308148,0.08194202838533254,1.2570099595658866,inside_factor4,239,True,1.0,True,True,True,10,10,10
cup02_indoor_1@1150B,cup02_indoor_1,1150,backward,132,1151,1018,1019,0.8809788654060067,0.010165184243964422,0.43908727,0.675538793,0.0010165184243964421,0.7762514617839766,0.8259049673276022,0.0939863660007418,1.3164782605257905,inside_factor4,230,True,1.0,True,True,True,10,10,10
cup02_indoor_1@1200B,cup02_indoor_1,1200,backward,181,1201,1019,1020,0.8809788654060067,0.03179860881086453,0.46905145,0.702391932,0.004187377273218229,0.7332697496203945,0.7741112164820079,0.11207502711478232,1.339771586817464,inside_factor4,229,True,1.0,True,True,True,10,10,10
cup02_indoor_1@1250B,cup02_indoor_1,1250,backward,230,1251,1020,1021,0.7876878332525449,0.05241450421034542,0.367038,0.816244361,0.00833106893233274,0.6901354659302519,0.7461651884760275,0.1421646954366547,1.2670910802371047,inside_factor4,249,True,1.0,True,True,True,10,10,10
cup02_indoor_1@1300B,cup02_indoor_1,1300,backward,288,1301,1012,1013,0.8642930856553147,0.0,0.31409532,0.8051045,0.0,0.93918395577162,0.9807977894630416,0.08116601283644448,1.233968856238362,inside_factor4,243,True,1.0,True,True,True,10,10,10
cup02_indoor_1@1350B,cup02_indoor_1,1350,backward,25,1351,1325,1326,0.10122699386503067,0.06206459784673844,0.53568786,0.497424943,0.013336953182772877,0.8539542016734276,1.6231382482358943,1.1098466560237563,1.6354751196904858,inside_factor4,244,True,1.0,True,True,True,10,10,10
cup02_indoor_1@1400B,cup02_indoor_1,1400,backward,79,1401,1321,1322,0.1714077315827863,0.03347016103568046,0.6682531,0.740375549,0.0033470161035680456,0.9572784668561178,2.033935812081931,0.8628962847710266,1.6554166183569745,inside_factor4,254,True,1.0,True,True,True,10,10,10
cup02_indoor_1@1450B,cup02_indoor_1,1450,backward,114,1451,1336,1337,0.10051186598417869,0.07746835443037975,0.5309909,0.579229125,0.0581170301772653,0.8445592704192447,1.7943414985154804,1.3571031532580131,1.8603444856232465,inside_factor4,223,True,1.0,True,True,True,10,10,10
cup02_indoor_1@1500B,cup02_indoor_1,1500,backward,179,1501,1321,1322,0.18883476957662046,0.04272126390456231,0.7457539,0.749022563,0.004272126390456231,0.940184517949228,1.9567049532243117,0.826481426529329,1.6508950452676896,inside_factor4,254,True,1.0,True,True,True,10,10,10
cup02_indoor_1@150F,cup02_indoor_1,150,forward,766,1603,916,917,0.2396327467482785,0.028701531668276527,0.59349,0.495964615,0.0028701531668276527,0.7532840452468255,0.6072171980476468,1.2237667001308934,2.186802068009497,inside_factor4,237,True,1.0,True,True,True,10,10,10
cup02_indoor_1@1550B,cup02_indoor_1,1550,backward,232,1551,1318,1319,0.8352130325814536,0.0,0.38441184,0.853172529,0.0,1.08722038924934,0.811882693976312,0.2256007182711843,1.5264566246553493,inside_factor4,210,True,1.0,True,True,True,10,10,10
cup02_indoor_1@1600B,cup02_indoor_1,1600,backward,279,1601,1321,1322,0.17569546120058566,0.022578397212543556,0.6151798,0.756808201,0.004574290447599075,1.0737894796991365,2.3762933199215177,0.8579485661492757,1.6230065134002285,inside_factor4,255,True,1.0,True,True,True,10,10,10
cup02_indoor_1@1650B,cup02_indoor_1,1650,backward,29,1651,1621,1622,0.7765625,0.0,0.23241638,0.797566063,0.0,1.182821733906686,0.6351540048798208,0.08146514802582704,1.4346183889812387,inside_factor4,237,True,1.0,True,True,True,10,10,10
cup02_indoor_1@1700B,cup02_indoor_1,1700,backward,36,1701,1664,1665,0.7800891530460624,0.0,0.13929017,0.775238774,0.0,1.6521065078228099,1.5124400699839897,0.23979967028352164,1.0922283738007432,inside_factor4,207,True,1.0,True,True,True,10,10,10
cup02_indoor_1@1752B,cup02_indoor_1,1752,backward,89,1753,1663,1664,0.8822525597269625,0.0,0.10780876,0.792335943,0.0,1.610101264238096,1.4158733267034525,0.06742356520128008,1.0743355723485009,inside_factor4,191,True,1.0,True,True,True,10,10,10
cup02_indoor_1@200F,cup02_indoor_1,200,forward,716,1553,916,917,0.8267828200972447,0.07967746344130108,0.47806823,0.497381817,0.007967746344130108,0.697417187609521,0.7161676323188749,0.41262893247134613,1.3513942703216517,inside_factor4,267,True,1.0,True,True,True,10,10,10
cup02_indoor_1@250F,cup02_indoor_1,250,forward,202,1503,452,453,0.9672131147540983,0.0,0.31756756,0.787035471,0.0,1.0619832505048268,0.9230766950333699,0.04738297223660989,1.238460054143269,inside_factor4,276,True,1.0,True,True,True,10,10,10
cup02_indoor_1@300F,cup02_indoor_1,300,forward,616,1453,916,917,0.28832951945080093,0.03509496284062758,0.58757776,0.551077933,0.003509496284062758,0.7419214041906705,0.628581956675791,1.06656106127291,1.9822625547450952,inside_factor4,249,True,1.0,True,True,True,10,10,10
cup02_indoor_1@350F,cup02_indoor_1,350,forward,105,1403,455,456,0.9709181553801413,0.0,0.31815824,0.8418903,0.0,1.0920360060236791,0.8988866004765023,0.026921618781429246,1.2558780510154945,inside_factor4,274,True,1.0,True,True,True,10,10,10
cup02_indoor_1@400F,cup02_indoor_1,400,forward,146,1353,546,547,0.9811320754716981,0.0,0.3372525,0.5750023989999999,0.0,1.1424620358398587,1.1693073296626715,0.29705068388418543,1.2377345989916164,inside_factor4,238,True,1.0,True,True,True,10,10,10
cup02_indoor_1@450F,cup02_indoor_1,450,forward,95,1303,545,546,0.9387362637362637,0.0,0.49027357,0.744847584,0.0,0.9755773554116463,1.070024105264768,0.31947797827283564,1.2014621019619234,inside_factor4,241,True,1.0,True,True,True,10,10,10
cup02_indoor_1@500F,cup02_indoor_1,500,forward,416,1253,916,917,0.35066864784546803,0.07805676855895197,0.50175357,0.5033232519999999,0.007805676855895197,0.7041676528561085,0.7100803975559579,0.9167967621163623,1.767006135013593,inside_factor4,269,True,1.0,True,True,True,10,10,10
cup02_indoor_1@50F,cup02_indoor_1,50,forward,879,1703,929,930,0.8543027548991764,0.0,0.18635274,0.835351976,0.0,1.2859995840303422,0.9512685224032318,0.05192727601848412,1.2048858384841779,inside_factor4,224,True,1.0,True,True,True,10,10,10
cup02_indoor_1@550F,cup02_indoor_1,550,forward,366,1203,916,917,0.3584461447910536,0.06412715812551384,0.63644415,0.604082302,0.006412715812551384,0.717845254145438,0.6753107251698323,0.8836538136372791,1.7444763279434565,inside_factor4,273,True,1.0,True,True,True,10,10,10
cup02_indoor_1@600F,cup02_indoor_1,600,forward,316,1153,916,917,0.22344827586206897,0.03580773998071891,0.48495093,0.5705244270000001,0.0035807739980718905,0.7428499550695206,0.6243138889423354,1.318530079220281,2.304467245471594,inside_factor4,232,True,1.0,True,True,True,10,10,10
cup02_indoor_1@650F,cup02_indoor_1,650,forward,266,1103,916,917,0.22344827586206897,0.02813405047579644,0.56798583,0.686503863,0.002813405047579644,0.7568758137873931,0.6123547829587342,1.2888360589225027,2.2667177812973383,inside_factor4,234,True,1.0,True,True,True,10,10,10
cup02_indoor_1@700F,cup02_indoor_1,700,forward,216,1053,916,917,0.29602558245774324,0.02813405047579644,0.6650725,0.704071759,0.002813405047579644,0.7495888545441598,0.6192657268564371,1.0614678596984954,1.9782231660719132,inside_factor4,249,True,1.0,True,True,True,10,10,10
cup02_indoor_1@750F,cup02_indoor_1,750,forward,166,1003,916,917,0.2889664592502656,0.028701531668276527,0.66446155,0.470090442,0.0028701531668276527,0.7464632136633955,0.607535832245451,1.0842494935327995,2.0011694399509943,inside_factor4,249,True,1.0,True,True,True,10,10,10
cup02_indoor_1@800F,cup02_indoor_1,800,forward,116,953,916,917,0.3273342562682664,0.02827239363871143,0.6624771,0.625791262,0.002827239363871143,0.7497369620263741,0.6397992542535164,0.994864613564303,1.8979190812127438,inside_factor4,253,True,1.0,True,True,True,10,10,10
cup02_indoor_1@850F,cup02_indoor_1,850,forward,66,903,916,917,0.26327980234712783,0.021144278606965175,0.6852593,0.713396548,0.0021144278606965174,0.7598700256421486,0.6109937314258501,1.1944579098746586,2.1469538548241003,inside_factor4,240,True,1.0,True,True,True,10,10,10
cup02_indoor_1@900B,cup02_indoor_1,900,backward,177,901,723,724,0.9076406381192276,0.0,0.21878165,0.695565095,0.0,1.1439981817491676,0.72922380566969,0.06783535914769316,1.3284589297812037,inside_factor4,232,True,1.0,True,True,True,10,10,10
cup02_indoor_1@958B,cup02_indoor_1,958,backward,48,959,910,911,0.7536231884057971,0.029452140272057906,0.43982178,0.766152878,0.0029452140272057904,0.727900383620353,0.6183831607948705,0.3913369810120974,1.408059226669917,inside_factor4,279,True,1.0,True,True,True,10,10,10
earphone01_indoor_1@1000B,earphone01_indoor_1,1000,backward,465,1001,535,536,0.7766133480419195,0.0,0.30348995,0.756451414,0.0,1.3693088193666378,1.0060259607412143,0.19703253800186304,1.270291748690733,inside_factor4,269,True,1.0,True,True,True,10,10,10
earphone01_indoor_1@1084B,earphone01_indoor_1,1084,backward,268,1085,816,817,0.125,0.06868686868686869,0.34398133,0.659667997,0.006868686868686869,2.545310513244329,8.27090530759697,1.3674095350395792,1.8733364549148226,inside_factor4,451,True,1.0,True,True,True,2,3,5
humans_shirts_room_occ_1_A_2@0F,humans_shirts_room_occ_1_A_2,0,forward,336,602,336,337,0.6668973435460279,0.0,0.45123202,0.776085293,0.0,0.7726723550860823,1.2621679959695795,0.11418763313538405,1.2987621192153243,inside_factor4,1424,True,1.0,True,True,True,10,10,10
humans_shirts_room_occ_1_A_2@100F,humans_shirts_room_occ_1_A_2,100,forward,404,502,504,505,0.576128045311453,0.01523600709223825,0.4912619,0.847356211,0.001523600709223825,0.5895527807023905,0.809157334631759,0.3885312732862903,1.2830723135155382,inside_factor4,1537,True,1.0,True,True,True,10,10,10
humans_shirts_room_occ_1_A_2@150F,humans_shirts_room_occ_1_A_2,150,forward,352,452,502,503,0.5197107374134703,0.036857265361316636,0.50340843,0.872421196,0.0036857265361316636,0.5794988071173746,0.828553350589572,0.4573719460644908,1.2497284412354455,inside_factor4,1603,True,1.0,True,True,True,10,10,10
humans_shirts_room_occ_1_A_2@50F,humans_shirts_room_occ_1_A_2,50,forward,460,552,510,511,0.6873600774490228,0.0,0.549082,0.884858866,0.0,0.5998155092646368,0.7259817254369819,0.0672132409321379,1.272199664286596,inside_factor4,1540,True,1.0,True,True,True,10,10,10
humans_shirts_room_occ_1_A_2@550B,humans_shirts_room_occ_1_A_2,550,backward,369,551,181,182,0.7773083886541944,0.0,0.53995603,0.841664238,0.0,0.9275518110904756,0.8229353465842568,0.12979388557647115,1.6294156743581252,inside_factor4,1212,True,1.0,True,True,True,10,10,10
humans_shirts_room_occ_1_A_2@564B,humans_shirts_room_occ_1_A_2,564,backward,387,565,177,178,0.8900930579822812,0.0,0.5410998,0.796311284,0.0,0.8177443314689233,0.8517406167945832,0.03965680703957045,1.3694942886493473,inside_factor4,1435,True,1.0,True,True,True,10,10,10
shoes02_indoor_1@0F,shoes02_indoor_1,0,forward,57,614,57,58,0.8779177855814915,0.0,0.15174238,0.676335887,0.0008165292629483261,1.21364967549328,0.6839441284341988,0.39852214904518973,1.6135255127428245,inside_factor4,389,True,1.0,True,True,True,10,10,10
shoes02_indoor_1@100F,shoes02_indoor_1,100,forward,62,514,162,163,0.7940532081377152,0.0,0.07701844,0.763362927,0.0,1.3562163352018743,0.7580261773739947,0.09899737947477116,1.1237362995215323,inside_factor4,215,True,1.0,True,True,True,10,10,10
shoes02_indoor_1@150F,shoes02_indoor_1,150,forward,58,464,208,209,0.8415089309517462,0.0,0.48118424,0.804130667,0.0,1.4256389720950051,0.8427513983139786,0.19810880277204265,0.9642359039694183,inside_factor4,491,True,1.0,True,True,True,10,10,10
shoes02_indoor_1@200F,shoes02_indoor_1,200,forward,8,414,208,209,0.8016507936507936,0.0,0.3543046,0.795790819,0.0,1.4125240945864135,0.8414501387327175,0.2318249075073355,0.9822800795311931,inside_factor4,502,True,1.0,True,True,True,10,10,10
shoes02_indoor_1@250F,shoes02_indoor_1,250,forward,4,364,254,255,0.7146874324032014,0.0013858413211687262,0.19770671,0.779464051,0.03444092762304874,2.365675120495739,6.523101749459747,0.4784466612046899,0.8928153226572424,inside_factor4,273,True,1.0,True,True,True,10,10,10
shoes02_indoor_1@350B,shoes02_indoor_1,350,backward,94,351,256,257,0.6153528114663727,0.059856965174129355,0.5054938,0.850807866,0.012197175813750329,1.0282812917394681,2.8531583169583223,0.32320169358626366,1.0872934609804163,inside_factor4,323,True,1.0,True,True,True,7,10,10
shoes02_indoor_1@400B,shoes02_indoor_1,400,backward,68,401,332,333,0.8016782886183667,0.025238842150292314,0.23997453,0.84183011,0.029345384707173433,1.293716868460267,1.0077514243272718,0.06325753185080212,1.3883799890584632,inside_factor4,357,True,1.0,True,True,True,10,10,10
shoes02_indoor_1@450B,shoes02_indoor_1,450,backward,126,451,324,325,0.8207925758715826,0.02786861936584672,0.2247044,0.820261218,0.012778682171405641,1.2983286718718776,0.9586962874933717,0.11602322816281646,1.512847008040866,inside_factor4,341,True,1.0,True,True,True,10,10,10
shoes02_indoor_1@500B,shoes02_indoor_1,500,backward,224,501,276,277,0.8212694877505567,0.016675056632267808,0.245831,0.798565257,0.04222907436010656,1.3914544513610316,1.5114950410503059,0.0777122425502166,1.5125647060507397,inside_factor4,338,True,1.0,True,True,True,10,10,10
shoes02_indoor_1@50F,shoes02_indoor_1,50,forward,7,564,57,58,0.8899591665794158,0.0,0.16145383,0.682574828,0.0009157055814579184,1.21715739755524,0.670536904680377,0.39576485829474795,1.6185308427500784,inside_factor4,387,True,1.0,True,True,True,10,10,10
shoes02_indoor_1@550B,shoes02_indoor_1,550,backward,274,551,276,277,0.8355756974932729,0.01679340937896071,0.24096379,0.818708789,0.042680182520280927,1.3894791090772307,1.4966992295849848,0.07181701029740264,1.5136183425022383,inside_factor4,336,True,1.0,True,True,True,10,10,10
shoes02_indoor_1@613B,shoes02_indoor_1,613,backward,311,614,302,303,0.7686138216815934,0.018570102135561744,0.18840571,0.811976436,0.010879867222203325,1.4049813105593194,1.1036763326460617,0.05545303932382821,1.403230070073955,inside_factor4,345,True,1.0,True,True,True,10,10,10
shoes02_indoor_2@100B,shoes02_indoor_2,100,backward,63,101,37,38,0.851894374282434,0.051140323472158807,0.26095766,0.65995113,0.046312702048396034,1.1415356967622505,0.9720001324596427,0.1135732148422328,1.5153253282338768,inside_factor4,614,True,1.0,True,True,True,10,10,10
shoes02_indoor_2@110B,shoes02_indoor_2,110,backward,73,111,37,38,0.88,0.051140323472158807,0.26556796,0.7167380170000001,0.046144252324632956,1.1427264512914013,0.9755997598370578,0.11580655085141006,1.5249163441308042,inside_factor4,611,True,1.0,True,True,True,10,10,10
toy09_indoor_1@0F,toy09_indoor_1,0,forward,1048,1339,1048,1049,0.7408280040390441,0.0,0.16902275,0.820177072,0.0,1.444641478182533,1.989572265288253,0.21277783202585943,1.6671155070920587,inside_factor4,201,True,1.0,True,True,True,10,10,10
toy09_indoor_1@1000B,toy09_indoor_1,1000,backward,746,1001,254,255,0.13743890518084068,0.09765377298668358,0.8059683,0.605527952,0.034715601684255006,1.2307575621838538,2.0809039948252557,1.618864310275301,2.4649961494233232,inside_factor4,242,True,1.0,True,True,True,10,10,10
toy09_indoor_1@100F,toy09_indoor_1,100,forward,130,1239,230,231,0.6289104638619202,0.018086816720257234,0.2807497,0.589398299,0.015512027284042777,1.7808356116663777,3.5709353257861065,0.2400891720045867,0.848413140181702,inside_factor4,199,True,1.0,True,True,True,10,10,10
toy09_indoor_1@1050B,toy09_indoor_1,1050,backward,58,1051,992,993,0.8399791955617198,0.0,0.17253587,0.74760313,0.0,1.458414154925143,1.5195180913143402,0.09996266219604502,1.5792937360696486,inside_factor4,279,True,1.0,True,True,True,10,10,10
toy09_indoor_1@1100B,toy09_indoor_1,1100,backward,85,1101,1015,1016,0.782991202346041,0.0,0.19743177,0.788100693,0.0,1.4902004180639472,1.1023697898767792,0.5835512731167454,1.7414014220259393,inside_factor4,263,True,1.0,True,True,True,10,10,10
toy09_indoor_1@1250B,toy09_indoor_1,1250,backward,68,1251,1182,1183,0.7858880778588808,0.0,0.11580124,0.609654896,0.0,1.513558945659009,1.4865683827013425,0.031406787967605924,1.1737941356631512,inside_factor4,77,True,1.0,True,True,True,10,10,10
toy09_indoor_1@1300B,toy09_indoor_1,1300,backward,118,1301,1182,1183,0.8252427184466019,0.0,0.11751973,0.596632752,0.0,1.5256963836747486,1.6493351369643054,0.061226937225266356,1.1924948041395784,inside_factor4,78,True,1.0,True,True,True,10,10,10
toy09_indoor_1@1338B,toy09_indoor_1,1338,backward,154,1339,1184,1185,0.7917888563049853,0.0,0.15056917,0.621178615,0.0,1.6294833384553358,1.3543138586422705,0.3340715759411901,1.306892479580188,inside_factor4,73,True,1.0,True,True,True,10,10,10
toy09_indoor_1@150F,toy09_indoor_1,150,forward,80,1189,230,231,0.5189061444969615,0.0,0.27619562,0.585280298,0.010190263717112716,1.8348373255239858,3.2559482499873704,0.4070620186244902,1.015246497379784,inside_factor4,198,True,1.0,True,True,True,10,10,10
toy09_indoor_1@200F,toy09_indoor_1,200,forward,847,1139,1047,1048,0.621680216802168,0.0,0.1745502,0.806552018,0.0,1.3339122668627226,1.85543227235078,0.07242536665630642,1.5632080476588308,inside_factor4,192,True,1.0,True,True,True,10,10,10
toy09_indoor_1@250F,toy09_indoor_1,250,forward,798,1089,1048,1049,0.8599348534201955,0.0,0.16197015,0.807919015,0.0,1.4470978823195921,2.1003979372541575,0.16793124950709026,1.6378148941570787,inside_factor4,199,True,1.0,True,True,True,10,10,10
toy09_indoor_1@300F,toy09_indoor_1,300,forward,748,1039,1048,1049,0.7987998588069185,0.0,0.16111472,0.807633314,0.0,1.4548921070204592,2.092451742294082,0.1274327460961914,1.601554073885171,inside_factor4,199,True,1.0,True,True,True,10,10,10
toy09_indoor_1@350F,toy09_indoor_1,350,forward,698,989,1048,1049,0.8461538461538461,0.0,0.1573616,0.806407787,0.0,1.4454164991480407,2.0220895071677525,0.16964631763337967,1.6644707585069196,inside_factor4,196,True,1.0,True,True,True,10,10,10
toy09_indoor_1@400F,toy09_indoor_1,400,forward,648,939,1048,1049,0.7971428571428572,0.0,0.16378315,0.807302669,0.0,1.4427402325423657,2.067772656376474,0.13426317112675706,1.6284186163474323,inside_factor4,196,True,1.0,True,True,True,10,10,10
toy09_indoor_1@450F,toy09_indoor_1,450,forward,233,889,683,684,0.7902015013828526,0.0,0.20124702,0.71548418,0.0,1.3334351569384348,0.9844975151452086,0.05901563232167958,1.5150700570591082,inside_factor4,256,True,1.0,True,True,True,10,10,10
toy09_indoor_1@500F,toy09_indoor_1,500,forward,548,839,1048,1049,0.8049620951068229,0.0,0.15859465,0.811205941,0.0,1.47369868645244,2.1606973713945616,0.15990847931310334,1.592372841158322,inside_factor4,204,True,1.0,True,True,True,10,10,10
toy09_indoor_1@50F,toy09_indoor_1,50,forward,180,1289,230,231,0.5602350636630754,0.016841317365269462,0.27022985,0.576176997,0.019156261881072868,1.9058808568013144,3.9121516106827476,0.20762193712857563,0.912554153227269,inside_factor4,210,True,1.0,True,True,True,10,10,10
toy09_indoor_1@550F,toy09_indoor_1,550,forward,167,789,717,718,0.8048289738430584,0.0,0.27683997,0.744609799,0.0,1.3097565871943118,1.6731110176040562,0.08117439093284991,1.5613534879834603,inside_factor4,215,True,1.0,True,True,True,10,10,10
toy09_indoor_1@600F,toy09_indoor_1,600,forward,448,739,1048,1049,0.7971428571428572,0.0,0.16411357,0.817556618,0.0,1.4527030413044422,2.0546491102246685,0.15278515077339067,1.6372784503375537,inside_factor4,197,True,1.0,True,True,True,10,10,10
toy09_indoor_1@650F,toy09_indoor_1,650,forward,64,689,714,715,0.8839747271682941,0.0,0.2552744,0.787224604,0.0,1.3003803584392024,1.7119776378734564,0.026942686788052464,1.4999893798050643,inside_factor4,223,True,1.0,True,True,True,10,10,10
toy09_indoor_1@700B,toy09_indoor_1,700,backward,467,701,233,234,0.8878248974008208,0.015373352855051245,0.30721235,0.511379197,0.006229934584234629,1.2393182655861656,7.177397497262713,0.2312868410338408,0.8367376642469814,inside_factor4,183,True,1.0,True,True,True,7,10,10
toy09_indoor_1@750B,toy09_indoor_1,750,backward,496,751,254,255,0.1256241262232874,0.09826960051271096,0.83259654,0.634266471,0.03362312457614965,1.2314377116724033,2.0609798378287616,1.657683019916247,2.520028253825063,inside_factor4,237,True,1.0,True,True,True,10,10,10
toy09_indoor_1@800B,toy09_indoor_1,800,backward,546,801,254,255,0.14057632398753894,0.09907387465001077,0.8177197,0.634686263,0.03523072545892269,1.2213886872572186,2.064251558917015,1.5988524338940213,2.4443850827075457,inside_factor4,242,True,1.0,True,True,True,10,10,10
toy09_indoor_1@850B,toy09_indoor_1,850,backward,617,851,233,234,0.8996350364963503,0.08945686900958466,0.25869724,0.491383922,0.015592106340233012,0.8974692920675218,5.087126594992999,0.22255153851046397,0.8261392936176767,inside_factor4,186,True,1.0,True,True,True,7,10,10
toy09_indoor_1@900B,toy09_indoor_1,900,backward,667,901,233,234,0.9143117593436645,0.05194805194805195,0.26908547,0.5606779049999999,0.011339962126231722,1.0721909045883244,7.350312809331366,0.22056749858958538,0.8088872940154799,inside_factor4,187,True,1.0,True,True,True,7,10,10
toy09_indoor_1@950B,toy09_indoor_1,950,backward,717,951,233,234,0.8996350364963503,0.03139013452914798,0.29482806,0.578469686,0.0077920280532288375,1.1882746953837704,7.19973202170695,0.22238536709402856,0.8030829008113961,inside_factor4,185,True,1.0,True,True,True,7,10,10
two_tennis_balls_3@0F,two_tennis_balls_3,0,forward,109,130,109,110,0.30284301606922126,0.0,0.06640195,0.574117207,0.0,2.6684579333200658,1.2629129395040632,6.541806546993936,7.740180945817136,factor7_only,167,False,0.0,False,False,True,0,2,3
two_tennis_balls_3@129B,two_tennis_balls_3,129,backward,48,130,81,82,0.8689492325855962,0.0,0.07299646,0.280569452,0.0,2.8686589007591436,0.8674573835483527,4.060945703948091,5.0776916883729255,factor6_only,193,False,0.46938775510204084,False,True,True,0,2,2
two_tennis_balls_3@50F,two_tennis_balls_3,50,forward,46,80,96,97,0.47359337245426303,0.0,0.043824296,0.5869139816,0.0,2.3941906945738793,0.7378934182114808,6.440211195486052,7.738946367219859,factor7_only,158,False,0.0,False,False,True,0,2,4
yogurt_indoor_1@1000B,yogurt_indoor_1,1000,backward,201,1001,799,800,0.8034433285509326,0.0,0.09291823,0.500773577,0.0,1.5259017605735146,0.7554579894795712,0.16291239286227086,1.3985928377114225,inside_factor4,208,True,1.0,True,True,True,7,10,10
yogurt_indoor_1@900B,yogurt_indoor_1,900,backward,101,901,799,800,0.8228571428571428,0.0,0.11416829,0.500314888,0.0,1.52140770717596,0.7508404430932633,0.1481467912146432,1.367081478981295,inside_factor4,211,True,1.0,True,True,True,7,10,10
