condition,episode,valid_frames,mean_iou,low_iou_frames,H10_episodes,invalid_gt_frames
t0_category,bag05_indoor:0,587,0.854969811915937,5,0,301
t0_category,ball07_indoor:0,2179,0.7778558971843348,334,8,339
t0_category,ball19_indoor:0,1380,0.8475471528076232,20,0,0
t0_category,beautifullight01_indoor:0,910,0.5517931241132006,339,6,359
t0_category,book06_indoor:0,1545,0.7802263475695977,150,4,445
t0_category,car01_indoor:0,1402,0.3985606342388879,797,3,139
t0_category,car02_indoor:0,565,0.9117042691656733,14,1,187
t0_category,colacan01_indoor:0,2801,0.1011904686841308,2468,10,254
t0_category,colacan04_indoor:0,567,0.20399525847252958,439,13,433
t0_category,container01_indoor:0,621,0.9249234190336526,3,0,139
t0_category,cup08_indoor:0,1321,0.9004540651095537,1,0,129
t0_category,cup10_indoor:0,2147,0.8976864567657249,13,1,48
t0_category,cup13_indoor:0,1658,0.799975524139966,62,2,103
t0_category,egg_indoor:0,3433,0.5704519863333751,1209,13,118
t0_category,flower02_wild:0,467,0.6498228604544306,103,1,188
t0_category,flower03_indoor:0,547,0.8470686178412948,0,0,196
t0_category,flowerbasket_indoor:0,851,0.31355992149098966,552,3,149
t0_category,ghostmask_indoor:0,1025,0.6908529084762222,233,4,139
t0_category,glass03_indoor:0,570,0.16902015231944045,468,5,104
t0_category,mobilephone01_indoor:0,1217,0.5280902223751923,483,8,200
t0_category,mobilephone02_indoor:0,610,0.8434208596728113,4,0,90
t0_category,notebook02_indoor:0,2494,0.8516981662416255,74,2,151
t0_empty_trained,bag05_indoor:0,587,0.7695525793329466,61,2,301
t0_empty_trained,ball07_indoor:0,2179,0.8039871658326039,273,7,339
t0_empty_trained,ball19_indoor:0,1380,0.8473470010822353,20,1,0
t0_empty_trained,beautifullight01_indoor:0,910,0.4148314193216869,480,9,359
t0_empty_trained,book06_indoor:0,1545,0.8115163723593122,81,2,445
t0_empty_trained,car01_indoor:0,1402,0.39977146038026584,796,3,139
t0_empty_trained,car02_indoor:0,565,0.9132890320795335,14,1,187
t0_empty_trained,colacan01_indoor:0,2801,0.10029381245039096,2471,10,254
t0_empty_trained,colacan04_indoor:0,567,0.48995330156513883,256,8,433
t0_empty_trained,container01_indoor:0,621,0.8746356370887503,36,1,139
t0_empty_trained,cup08_indoor:0,1321,0.8959643574886794,1,0,129
t0_empty_trained,cup10_indoor:0,2147,0.8733832586472158,74,1,48
t0_empty_trained,cup13_indoor:0,1658,0.8015304559725035,62,2,103
t0_empty_trained,egg_indoor:0,3433,0.5412486151990336,1329,12,118
t0_empty_trained,flower02_wild:0,467,0.6642002214971419,93,1,188
t0_empty_trained,flower03_indoor:0,547,0.8426152625155026,0,0,196
t0_empty_trained,flowerbasket_indoor:0,851,0.7701423275564652,113,2,149
t0_empty_trained,ghostmask_indoor:0,1025,0.6738949180713948,251,4,139
t0_empty_trained,glass03_indoor:0,570,0.5806719500007271,220,2,104
t0_empty_trained,mobilephone01_indoor:0,1217,0.5295878197313798,483,8,200
t0_empty_trained,mobilephone02_indoor:0,610,0.8290058232176014,15,1,90
t0_empty_trained,notebook02_indoor:0,2494,0.5336478960316514,820,13,151
t0_empty_content,bag05_indoor:0,587,0.820962787962896,27,1,301
t0_empty_content,ball07_indoor:0,2179,0.798520924553205,285,8,339
t0_empty_content,ball19_indoor:0,1380,0.842752153148427,25,1,0
t0_empty_content,beautifullight01_indoor:0,910,0.8361884428197085,36,0,359
t0_empty_content,book06_indoor:0,1545,0.7915645228491829,128,3,445
t0_empty_content,car01_indoor:0,1402,0.39903536412613455,796,3,139
t0_empty_content,car02_indoor:0,565,0.912436399950369,14,1,187
t0_empty_content,colacan01_indoor:0,2801,0.10210078044727132,2465,10,254
t0_empty_content,colacan04_indoor:0,567,0.26419203963713755,399,12,433
t0_empty_content,container01_indoor:0,621,0.9244856642919108,3,0,139
t0_empty_content,cup08_indoor:0,1321,0.8998009419220365,1,0,129
t0_empty_content,cup10_indoor:0,2147,0.8725502867984717,75,1,48
t0_empty_content,cup13_indoor:0,1658,0.8042644407516524,56,2,103
t0_empty_content,egg_indoor:0,3433,0.6032630292635739,1081,12,118
t0_empty_content,flower02_wild:0,467,0.7869173405684214,26,0,188
t0_empty_content,flower03_indoor:0,547,0.8461969790127778,0,0,196
t0_empty_content,flowerbasket_indoor:0,851,0.7702587233592221,114,2,149
t0_empty_content,ghostmask_indoor:0,1025,0.8034592628501154,88,1,139
t0_empty_content,glass03_indoor:0,570,0.5842197039407799,218,2,104
t0_empty_content,mobilephone01_indoor:0,1217,0.5625639321420223,436,6,200
t0_empty_content,mobilephone02_indoor:0,610,0.8429813644920472,4,0,90
t0_empty_content,notebook02_indoor:0,2494,0.3154596842644475,1437,17,151
t0_swapped,bag05_indoor:0,587,0.8272275603462242,24,1,301
t0_swapped,ball07_indoor:0,2179,0.7841543927432528,326,11,339
t0_swapped,ball19_indoor:0,1380,0.846031539662114,23,1,0
t0_swapped,beautifullight01_indoor:0,910,0.3349192864037462,563,11,359
t0_swapped,book06_indoor:0,1545,0.8176916237998094,79,2,445
t0_swapped,car01_indoor:0,1402,0.4001905690440504,795,3,139
t0_swapped,car02_indoor:0,565,0.9127054085412085,14,1,187
t0_swapped,colacan01_indoor:0,2801,0.10078552996307717,2469,10,254
t0_swapped,colacan04_indoor:0,567,0.21315993016129847,433,13,433
t0_swapped,container01_indoor:0,621,0.8282444184696824,67,1,139
t0_swapped,cup08_indoor:0,1321,0.896078612204173,1,0,129
t0_swapped,cup10_indoor:0,2147,0.882855534813547,51,1,48
t0_swapped,cup13_indoor:0,1658,0.8015319717712359,63,2,103
t0_swapped,egg_indoor:0,3433,0.46936992208098,1572,16,118
t0_swapped,flower02_wild:0,467,0.6605358106158588,95,1,188
t0_swapped,flower03_indoor:0,547,0.8452901936184757,0,0,196
t0_swapped,flowerbasket_indoor:0,851,0.7692488706642072,116,2,149
t0_swapped,ghostmask_indoor:0,1025,0.6773932058205211,252,5,139
t0_swapped,glass03_indoor:0,570,0.2751988609151683,404,4,104
t0_swapped,mobilephone01_indoor:0,1217,0.5627056267071385,435,6,200
t0_swapped,mobilephone02_indoor:0,610,0.8432624719757565,4,0,90
t0_swapped,notebook02_indoor:0,2494,0.3152696500472051,1442,17,151
multi_category,bag05_indoor:0,355,0.8448910637631784,4,0,157
multi_category,bag05_indoor:512,232,0.730317020458772,35,2,144
multi_category,ball07_indoor:0,514,0.8896092417594724,16,1,30
multi_category,ball07_indoor:544,423,0.8417003755600845,25,1,185
multi_category,ball07_indoor:1152,476,0.6745824319840413,129,3,36
multi_category,ball07_indoor:1664,512,0.9410927280833021,0,0,0
multi_category,ball07_indoor:2176,254,0.36671019156714263,153,2,88
multi_category,ball19_indoor:0,512,0.8431235008076537,9,0,0
multi_category,ball19_indoor:512,512,0.831730686341316,15,1,0
multi_category,ball19_indoor:1024,356,0.8655854007732962,0,0,0
multi_category,beautifullight01_indoor:0,421,0.8412704501118482,19,1,91
multi_category,beautifullight01_indoor:512,290,0.09019439688428582,259,6,222
multi_category,beautifullight01_indoor:1024,199,0.6849513197927631,37,2,46
multi_category,book06_indoor:0,512,0.8681011762594962,4,0,0
multi_category,book06_indoor:512,289,0.8508406543855791,3,0,223
multi_category,book06_indoor:1024,450,0.7358527438871272,61,2,222
multi_category,book06_indoor:1696,294,0.8320063105557943,12,1,0
multi_category,car01_indoor:0,439,0.5733051451152501,163,2,73
multi_category,car01_indoor:512,446,0.6903670496863418,117,1,66
multi_category,car01_indoor:1024,512,0.9423590266734543,0,0,0
multi_category,car01_indoor:1536,5,0.9601589401709356,0,0,0
multi_category,car02_indoor:0,497,0.9383892983744946,0,0,15
multi_category,car02_indoor:512,68,0.7195637041929389,14,1,172
multi_category,colacan01_indoor:0,498,0.5690879955192302,165,2,14
multi_category,colacan01_indoor:512,481,0.8213913742049024,0,0,31
multi_category,colacan01_indoor:1024,509,0.8209906396905212,0,0,3
multi_category,colacan01_indoor:1536,508,0.8143107644040551,13,1,4
multi_category,colacan01_indoor:2048,310,0.02619139716740204,298,5,202
multi_category,colacan01_indoor:2560,495,0.854105131800366,0,0,0
multi_category,colacan04_indoor:0,336,0.34424199867239363,208,5,176
multi_category,colacan04_indoor:512,231,0.8684236712788118,5,0,257
multi_category,container01_indoor:0,447,0.9340849306829668,1,0,97
multi_category,container01_indoor:544,174,0.8937109426647988,3,0,42
multi_category,cup08_indoor:0,436,0.9087968970084588,0,0,76
multi_category,cup08_indoor:512,459,0.8812946003257207,1,0,53
multi_category,cup08_indoor:1024,426,0.894371507441065,0,0,0
multi_category,cup10_indoor:0,509,0.9021446503188661,0,0,3
multi_category,cup10_indoor:512,512,0.9368466340119608,1,0,0
multi_category,cup10_indoor:1024,507,0.8703636437472883,0,0,5
multi_category,cup10_indoor:1536,472,0.7971197673401986,54,1,40
multi_category,cup10_indoor:2048,147,0.8553868347696686,5,0,0
multi_category,cup13_indoor:0,508,0.8448863913228741,3,0,4
multi_category,cup13_indoor:512,466,0.812354655395972,0,0,78
multi_category,cup13_indoor:1056,507,0.8184244353478868,5,0,5
multi_category,cup13_indoor:1568,177,0.7711839579060595,8,0,16
multi_category,egg_indoor:0,442,0.12273399863939125,378,4,70
multi_category,egg_indoor:512,512,0.7865793109456679,39,1,0
multi_category,egg_indoor:1024,479,0.8483446434340933,14,1,33
multi_category,egg_indoor:1536,512,0.8999491697569745,12,1,0
multi_category,egg_indoor:2048,512,0.8554265789067059,2,0,0
multi_category,egg_indoor:2560,497,0.8741795227729803,5,0,15
multi_category,egg_indoor:3072,479,0.8691094820643874,0,0,0
multi_category,flower02_wild:0,358,0.6101535559643331,98,1,154
multi_category,flower02_wild:512,109,0.7280467635777323,13,0,34
multi_category,flower03_indoor:0,367,0.8470927888855675,0,0,145
multi_category,flower03_indoor:512,180,0.8537802912632111,0,0,51
multi_category,flowerbasket_indoor:0,427,0.6249168458754852,128,1,85
multi_category,flowerbasket_indoor:512,424,0.6786550170559783,97,1,64
multi_category,ghostmask_indoor:0,464,0.8998218592937338,2,0,48
multi_category,ghostmask_indoor:512,424,0.8248790292715631,6,0,88
multi_category,ghostmask_indoor:1024,137,0.8551868404264403,6,0,3
multi_category,glass03_indoor:0,429,0.22457223035450133,327,4,83
multi_category,glass03_indoor:512,141,0.8236475349503513,18,1,21
multi_category,mobilephone01_indoor:0,509,0.8980081905073716,0,0,3
multi_category,mobilephone01_indoor:512,400,0.4487298418784726,193,5,144
multi_category,mobilephone01_indoor:1056,308,0.882086652851791,3,0,53
multi_category,mobilephone02_indoor:0,422,0.8421282005730457,4,0,90
multi_category,mobilephone02_indoor:512,188,0.8486969983505341,0,0,0
multi_category,notebook02_indoor:0,512,0.8998781250667482,0,0,0
multi_category,notebook02_indoor:512,461,0.8728607796142888,4,0,51
multi_category,notebook02_indoor:1024,471,0.8707155362594002,0,0,41
multi_category,notebook02_indoor:1536,463,0.8276487829130491,9,0,49
multi_category,notebook02_indoor:2048,502,0.86741182369633,17,1,10
multi_category,notebook02_indoor:2560,85,0.9530349203825947,0,0,0
multi_empty_trained,bag05_indoor:0,355,0.8228169024421453,13,0,157
multi_empty_trained,bag05_indoor:512,232,0.7126569892539842,42,2,144
multi_empty_trained,ball07_indoor:0,514,0.8944757264661547,14,1,30
multi_empty_trained,ball07_indoor:544,423,0.8202061561280105,34,2,185
multi_empty_trained,ball07_indoor:1152,476,0.6753550902544486,129,3,36
multi_empty_trained,ball07_indoor:1664,512,0.9428936100856041,0,0,0
multi_empty_trained,ball07_indoor:2176,254,0.36657376687434984,153,2,88
multi_empty_trained,ball19_indoor:0,512,0.8445809244157266,7,0,0
multi_empty_trained,ball19_indoor:512,512,0.833676095285848,16,1,0
multi_empty_trained,ball19_indoor:1024,356,0.8668541695920712,0,0,0
multi_empty_trained,beautifullight01_indoor:0,421,0.834672389704935,22,1,91
multi_empty_trained,beautifullight01_indoor:512,290,0.09034822650777483,259,6,222
multi_empty_trained,beautifullight01_indoor:1024,199,0.6060188203105935,56,2,46
multi_empty_trained,book06_indoor:0,512,0.8527362951822572,4,0,0
multi_empty_trained,book06_indoor:512,289,0.8533884284205182,3,0,223
multi_empty_trained,book06_indoor:1024,450,0.7402989714786672,59,2,222
multi_empty_trained,book06_indoor:1696,294,0.8549162183568109,5,0,0
multi_empty_trained,car01_indoor:0,439,0.5741434149764839,162,2,73
multi_empty_trained,car01_indoor:512,446,0.6916040532477301,117,1,66
multi_empty_trained,car01_indoor:1024,512,0.9432125804645124,0,0,0
multi_empty_trained,car01_indoor:1536,5,0.9541514608477282,0,0,0
multi_empty_trained,car02_indoor:0,497,0.9394665570537644,0,0,15
multi_empty_trained,car02_indoor:512,68,0.7243325266683717,14,1,172
multi_empty_trained,colacan01_indoor:0,498,0.5640422357756206,168,2,14
multi_empty_trained,colacan01_indoor:512,481,0.8233670419395198,0,0,31
multi_empty_trained,colacan01_indoor:1024,509,0.8242782824207977,0,0,3
multi_empty_trained,colacan01_indoor:1536,508,0.816018529312827,13,1,4
multi_empty_trained,colacan01_indoor:2048,310,0.025743362049110846,298,5,202
multi_empty_trained,colacan01_indoor:2560,495,0.852984511289597,0,0,0
multi_empty_trained,colacan04_indoor:0,336,0.49470001398808444,151,4,176
multi_empty_trained,colacan04_indoor:512,231,0.868542119811227,5,0,257
multi_empty_trained,container01_indoor:0,447,0.9323843561532335,1,0,97
multi_empty_trained,container01_indoor:544,174,0.893925178652062,3,0,42
multi_empty_trained,cup08_indoor:0,436,0.8999273575102827,0,0,76
multi_empty_trained,cup08_indoor:512,459,0.8784839412911223,1,0,53
multi_empty_trained,cup08_indoor:1024,426,0.8851321062482763,0,0,0
multi_empty_trained,cup10_indoor:0,509,0.9016993404105831,0,0,3
multi_empty_trained,cup10_indoor:512,512,0.9341774706337653,1,0,0
multi_empty_trained,cup10_indoor:1024,507,0.8716541569540706,0,0,5
multi_empty_trained,cup10_indoor:1536,472,0.8791547101437472,11,1,40
multi_empty_trained,cup10_indoor:2048,147,0.8442392542409928,7,0,0
multi_empty_trained,cup13_indoor:0,508,0.8480322022875006,2,0,4
multi_empty_trained,cup13_indoor:512,466,0.7610371273809823,30,1,78
multi_empty_trained,cup13_indoor:1056,507,0.8206526392640607,5,0,5
multi_empty_trained,cup13_indoor:1568,177,0.772882778826772,8,0,16
multi_empty_trained,egg_indoor:0,442,0.11926919532008358,380,4,70
multi_empty_trained,egg_indoor:512,512,0.7867681057841716,40,1,0
multi_empty_trained,egg_indoor:1024,479,0.8367199082987994,23,1,33
multi_empty_trained,egg_indoor:1536,512,0.8706512532777223,30,1,0
multi_empty_trained,egg_indoor:2048,512,0.8573029563755358,1,0,0
multi_empty_trained,egg_indoor:2560,497,0.39999271174459045,271,1,15
multi_empty_trained,egg_indoor:3072,479,0.8674377753706773,0,0,0
multi_empty_trained,flower02_wild:0,358,0.6286641010438345,88,1,154
multi_empty_trained,flower02_wild:512,109,0.7194902016429381,14,1,34
multi_empty_trained,flower03_indoor:0,367,0.842984721342289,0,0,145
multi_empty_trained,flower03_indoor:512,180,0.8527263399510399,0,0,51
multi_empty_trained,flowerbasket_indoor:0,427,0.8604068340312853,16,1,85
multi_empty_trained,flowerbasket_indoor:512,424,0.745055828612548,65,1,64
multi_empty_trained,ghostmask_indoor:0,464,0.895864245406024,3,0,48
multi_empty_trained,ghostmask_indoor:512,424,0.8235559945293,8,0,88
multi_empty_trained,ghostmask_indoor:1024,137,0.857352485067485,6,0,3
multi_empty_trained,glass03_indoor:0,429,0.7715221713296373,79,1,83
multi_empty_trained,glass03_indoor:512,141,0.9139049481691606,4,0,21
multi_empty_trained,mobilephone01_indoor:0,509,0.8995338550431657,0,0,3
multi_empty_trained,mobilephone01_indoor:512,400,0.5664915357131026,141,4,144
multi_empty_trained,mobilephone01_indoor:1056,308,0.883122966016285,3,0,53
multi_empty_trained,mobilephone02_indoor:0,422,0.8211222422580137,15,1,90
multi_empty_trained,mobilephone02_indoor:512,188,0.8506360557914887,0,0,0
multi_empty_trained,notebook02_indoor:0,512,0.9011224620062586,0,0,0
multi_empty_trained,notebook02_indoor:512,461,0.8723901040719487,5,0,51
multi_empty_trained,notebook02_indoor:1024,471,0.8708179966538702,0,0,41
multi_empty_trained,notebook02_indoor:1536,463,0.8193863770525195,14,0,49
multi_empty_trained,notebook02_indoor:2048,502,0.8897295242248185,4,0,10
multi_empty_trained,notebook02_indoor:2560,85,0.9575247623234854,0,0,0
multi_native,bag05_indoor:0,355,0.8457110147973407,4,0,157
multi_native,bag05_indoor:512,232,0.7925721022827088,22,1,144
multi_native,ball07_indoor:0,514,0.895225992270183,4,0,30
multi_native,ball07_indoor:544,423,0.8123792682032763,35,2,185
multi_native,ball07_indoor:1152,476,0.7876708505106623,66,2,36
multi_native,ball07_indoor:1664,512,0.938480402699417,0,0,0
multi_native,ball07_indoor:2176,254,0.8330652744662115,16,0,88
multi_native,ball19_indoor:0,512,0.8292387245982161,6,0,0
multi_native,ball19_indoor:512,512,0.831523176314636,13,1,0
multi_native,ball19_indoor:1024,356,0.8704000274462281,0,0,0
multi_native,beautifullight01_indoor:0,421,0.8604466965400016,9,0,91
multi_native,beautifullight01_indoor:512,290,0.6859083933197192,60,2,222
multi_native,beautifullight01_indoor:1024,199,0.8013515650357056,9,0,46
multi_native,book06_indoor:0,512,0.8647126479594036,4,0,0
multi_native,book06_indoor:512,289,0.8517697635700492,4,0,223
multi_native,book06_indoor:1024,450,0.7461598964901565,72,3,222
multi_native,book06_indoor:1696,294,0.8568682806792555,6,0,0
multi_native,car01_indoor:0,439,0.37384682957325993,258,2,73
multi_native,car01_indoor:512,446,0.6912365345596932,117,1,66
multi_native,car01_indoor:1024,512,0.9418754414045398,0,0,0
multi_native,car01_indoor:1536,5,0.9442148183937811,0,0,0
multi_native,car02_indoor:0,497,0.6892016769145924,129,1,15
multi_native,car02_indoor:512,68,0.7177289452012945,14,1,172
multi_native,colacan01_indoor:0,498,0.5689476636087951,161,2,14
multi_native,colacan01_indoor:512,481,0.8284043959632615,2,0,31
multi_native,colacan01_indoor:1024,509,0.8202927937472861,0,0,3
multi_native,colacan01_indoor:1536,508,0.8151699816050604,13,1,4
multi_native,colacan01_indoor:2048,310,0.06937614285082043,282,4,202
multi_native,colacan01_indoor:2560,495,0.8516261293511306,0,0,0
multi_native,colacan04_indoor:0,336,0.4666907900246219,161,4,176
multi_native,colacan04_indoor:512,231,0.6672525418145767,56,3,257
multi_native,container01_indoor:0,447,0.934593317269134,1,0,97
multi_native,container01_indoor:544,174,0.8925848370849522,4,0,42
multi_native,cup08_indoor:0,436,0.8996296906938621,0,0,76
multi_native,cup08_indoor:512,459,0.686023545334755,103,1,53
multi_native,cup08_indoor:1024,426,0.904914312272287,0,0,0
multi_native,cup10_indoor:0,509,0.9036550437200548,0,0,3
multi_native,cup10_indoor:512,512,0.9327322625042523,0,0,0
multi_native,cup10_indoor:1024,507,0.8702610251897195,0,0,5
multi_native,cup10_indoor:1536,472,0.7815662230090116,60,1,40
multi_native,cup10_indoor:2048,147,0.8945977576233872,0,0,0
multi_native,cup13_indoor:0,508,0.8398433243403239,1,0,4
multi_native,cup13_indoor:512,466,0.6467252661513953,96,2,78
multi_native,cup13_indoor:1056,507,0.8033929694275033,13,0,5
multi_native,cup13_indoor:1568,177,0.7297941912942267,15,1,16
multi_native,egg_indoor:0,442,0.08815298970169004,395,4,70
multi_native,egg_indoor:512,512,0.7922010613913766,31,1,0
multi_native,egg_indoor:1024,479,0.8253611269871335,30,1,33
multi_native,egg_indoor:1536,512,0.8486783927299841,35,1,0
multi_native,egg_indoor:2048,512,0.8439146721901356,0,0,0
multi_native,egg_indoor:2560,497,0.7002395268937306,103,1,15
multi_native,egg_indoor:3072,479,0.8590846338019924,0,0,0
multi_native,flower02_wild:0,358,0.636523457176836,83,1,154
multi_native,flower02_wild:512,109,0.7277159343061864,13,1,34
multi_native,flower03_indoor:0,367,0.8381349812965286,0,0,145
multi_native,flower03_indoor:512,180,0.8449594232435241,0,0,51
multi_native,flowerbasket_indoor:0,427,0.860806281611471,18,1,85
multi_native,flowerbasket_indoor:512,424,0.8253810015654666,30,1,64
multi_native,ghostmask_indoor:0,464,0.8986238827152192,3,0,48
multi_native,ghostmask_indoor:512,424,0.8197596163361446,7,0,88
multi_native,ghostmask_indoor:1024,137,0.8574411223936609,6,0,3
multi_native,glass03_indoor:0,429,0.7358569309358441,93,2,83
multi_native,glass03_indoor:512,141,0.8235964542579196,18,1,21
multi_native,mobilephone01_indoor:0,509,0.8962950514321051,0,0,3
multi_native,mobilephone01_indoor:512,400,0.4493526826037768,193,5,144
multi_native,mobilephone01_indoor:1056,308,0.810203655451111,31,2,53
multi_native,mobilephone02_indoor:0,422,0.8526496822428813,1,0,90
multi_native,mobilephone02_indoor:512,188,0.8456952278171357,0,0,0
multi_native,notebook02_indoor:0,512,0.8992096609858621,0,0,0
multi_native,notebook02_indoor:512,461,0.8728125365940614,1,0,51
multi_native,notebook02_indoor:1024,471,0.8528063731615029,8,0,41
multi_native,notebook02_indoor:1536,463,0.8234676965682861,10,0,49
multi_native,notebook02_indoor:2048,502,0.8820848405614053,7,0,10
multi_native,notebook02_indoor:2560,85,0.9709458345659353,0,0,0
multi_M78_category,bag05_indoor:0,355,0.843633665936466,4,0,157
multi_M78_category,bag05_indoor:512,232,0.7251871281768059,39,2,144
multi_M78_category,ball07_indoor:0,514,0.8909678469902996,17,1,30
multi_M78_category,ball07_indoor:544,423,0.8217460124606099,35,2,185
multi_M78_category,ball07_indoor:1152,476,0.6800419367760652,126,3,36
multi_M78_category,ball07_indoor:1664,512,0.9389285246527999,0,0,0
multi_M78_category,ball07_indoor:2176,254,0.3656011539976106,153,2,88
multi_M78_category,ball19_indoor:0,512,0.84079774876254,8,0,0
multi_M78_category,ball19_indoor:512,512,0.719096134936014,78,1,0
multi_M78_category,ball19_indoor:1024,356,0.8649406537386137,0,0,0
multi_M78_category,beautifullight01_indoor:0,421,0.8577929985674827,10,0,91
multi_M78_category,beautifullight01_indoor:512,290,0.09024359645121048,259,6,222
multi_M78_category,beautifullight01_indoor:1024,199,0.791644662226826,12,1,46
multi_M78_category,book06_indoor:0,512,0.8592946127608665,4,0,0
multi_M78_category,book06_indoor:512,289,0.8544938542431546,3,0,223
multi_M78_category,book06_indoor:1024,450,0.7538261258360874,56,2,222
multi_M78_category,book06_indoor:1696,294,0.85252411499239,6,0,0
multi_M78_category,car01_indoor:0,439,0.5811799149898301,160,2,73
multi_M78_category,car01_indoor:512,446,0.6891592806407117,117,1,66
multi_M78_category,car01_indoor:1024,512,0.9436110488242376,0,0,0
multi_M78_category,car01_indoor:1536,5,0.9601968590089826,0,0,0
multi_M78_category,car02_indoor:0,497,0.9370535734362921,0,0,15
multi_M78_category,car02_indoor:512,68,0.721312812357979,14,1,172
multi_M78_category,colacan01_indoor:0,498,0.8391464698041526,2,0,14
multi_M78_category,colacan01_indoor:512,481,0.8219523244793848,0,0,31
multi_M78_category,colacan01_indoor:1024,509,0.822707656091464,0,0,3
multi_M78_category,colacan01_indoor:1536,508,0.816113882120436,13,1,4
multi_M78_category,colacan01_indoor:2048,310,0.026318677096475625,298,5,202
multi_M78_category,colacan01_indoor:2560,495,0.8538288143006837,0,0,0
multi_M78_category,colacan04_indoor:0,336,0.7132676809895285,70,1,176
multi_M78_category,colacan04_indoor:512,231,0.8570195022994853,7,0,257
multi_M78_category,container01_indoor:0,447,0.9333130658931877,1,0,97
multi_M78_category,container01_indoor:544,174,0.8974107115063404,3,0,42
multi_M78_category,cup08_indoor:0,436,0.8982084276580842,0,0,76
multi_M78_category,cup08_indoor:512,459,0.8841867475959707,1,0,53
multi_M78_category,cup08_indoor:1024,426,0.890508235413355,0,0,0
multi_M78_category,cup10_indoor:0,509,0.903372091660246,0,0,3
multi_M78_category,cup10_indoor:512,512,0.9250116552102955,5,0,0
multi_M78_category,cup10_indoor:1024,507,0.8624924661634227,0,0,5
multi_M78_category,cup10_indoor:1536,472,0.7769496399406699,63,1,40
multi_M78_category,cup10_indoor:2048,147,0.8486433288330297,6,0,0
multi_M78_category,cup13_indoor:0,508,0.847076076506254,1,0,4
multi_M78_category,cup13_indoor:512,466,0.8118061833326387,0,0,78
multi_M78_category,cup13_indoor:1056,507,0.8158999453893339,6,0,5
multi_M78_category,cup13_indoor:1568,177,0.7414543380954408,15,1,16
multi_M78_category,egg_indoor:0,442,0.1222538902882919,378,4,70
multi_M78_category,egg_indoor:512,512,0.7882728599302753,37,1,0
multi_M78_category,egg_indoor:1024,479,0.768013373222345,61,2,33
multi_M78_category,egg_indoor:1536,512,0.899920609594085,13,1,0
multi_M78_category,egg_indoor:2048,512,0.8571110509010844,0,0,0
multi_M78_category,egg_indoor:2560,497,0.40504976131924997,268,1,15
multi_M78_category,egg_indoor:3072,479,0.8723018343742376,0,0,0
multi_M78_category,flower02_wild:0,358,0.8014487284960532,15,0,154
multi_M78_category,flower02_wild:512,109,0.73586345697027,12,0,34
multi_M78_category,flower03_indoor:0,367,0.8473825781709949,0,0,145
multi_M78_category,flower03_indoor:512,180,0.8540118304668359,0,0,51
multi_M78_category,flowerbasket_indoor:0,427,0.6220614181646442,129,1,85
multi_M78_category,flowerbasket_indoor:512,424,0.6778189185978968,97,1,64
multi_M78_category,ghostmask_indoor:0,464,0.8942488961181397,3,0,48
multi_M78_category,ghostmask_indoor:512,424,0.8190703530749024,6,0,88
multi_M78_category,ghostmask_indoor:1024,137,0.8655800110715911,4,0,3
multi_M78_category,glass03_indoor:0,429,0.22415883827982958,327,4,83
multi_M78_category,glass03_indoor:512,141,0.9440021353859789,0,0,21
multi_M78_category,mobilephone01_indoor:0,509,0.8951480451965641,0,0,3
multi_M78_category,mobilephone01_indoor:512,400,0.5852948308583626,130,3,144
multi_M78_category,mobilephone01_indoor:1056,308,0.867533226726784,5,0,53
multi_M78_category,mobilephone02_indoor:0,422,0.8429314688001545,3,0,90
multi_M78_category,mobilephone02_indoor:512,188,0.8470782061748336,0,0,0
multi_M78_category,notebook02_indoor:0,512,0.9002903677578545,0,0,0
multi_M78_category,notebook02_indoor:512,461,0.8803911459562047,1,0,51
multi_M78_category,notebook02_indoor:1024,471,0.8586754970542988,7,0,41
multi_M78_category,notebook02_indoor:1536,463,0.7819932313027125,34,1,49
multi_M78_category,notebook02_indoor:2048,502,0.8797555411706044,10,0,10
multi_M78_category,notebook02_indoor:2560,85,0.9523376338645839,0,0,0
multi_M78_empty_trained,bag05_indoor:0,355,0.8438282025744511,4,0,157
multi_M78_empty_trained,bag05_indoor:512,232,0.7848487299389963,22,1,144
multi_M78_empty_trained,ball07_indoor:0,514,0.8702862729133737,34,2,30
multi_M78_empty_trained,ball07_indoor:544,423,0.8398189971722158,25,1,185
multi_M78_empty_trained,ball07_indoor:1152,476,0.6766775063397008,128,3,36
multi_M78_empty_trained,ball07_indoor:1664,512,0.9404502990710402,0,0,0
multi_M78_empty_trained,ball07_indoor:2176,254,0.36644724341045787,153,2,88
multi_M78_empty_trained,ball19_indoor:0,512,0.8435090844826066,9,0,0
multi_M78_empty_trained,ball19_indoor:512,512,0.8367421252428359,14,1,0
multi_M78_empty_trained,ball19_indoor:1024,356,0.8673436406418814,0,0,0
multi_M78_empty_trained,beautifullight01_indoor:0,421,0.8531289138104806,14,1,91
multi_M78_empty_trained,beautifullight01_indoor:512,290,0.09032022983701674,259,6,222
multi_M78_empty_trained,beautifullight01_indoor:1024,199,0.058100544241204845,186,2,46
multi_M78_empty_trained,book06_indoor:0,512,0.8636004637950426,4,0,0
multi_M78_empty_trained,book06_indoor:512,289,0.8541699328861923,3,0,223
multi_M78_empty_trained,book06_indoor:1024,450,0.7634183517802933,48,2,222
multi_M78_empty_trained,book06_indoor:1696,294,0.8567780274723886,6,0,0
multi_M78_empty_trained,car01_indoor:0,439,0.594520788121109,154,2,73
multi_M78_empty_trained,car01_indoor:512,446,0.6895074548346887,117,1,66
multi_M78_empty_trained,car01_indoor:1024,512,0.9416071496475839,0,0,0
multi_M78_empty_trained,car01_indoor:1536,5,0.9554162440606093,0,0,0
multi_M78_empty_trained,car02_indoor:0,497,0.9350132224546824,0,0,15
multi_M78_empty_trained,car02_indoor:512,68,0.7210793497118293,14,1,172
multi_M78_empty_trained,colacan01_indoor:0,498,0.566510615185243,167,2,14
multi_M78_empty_trained,colacan01_indoor:512,481,0.8273598710689724,0,0,31
multi_M78_empty_trained,colacan01_indoor:1024,509,0.8238993564383141,0,0,3
multi_M78_empty_trained,colacan01_indoor:1536,508,0.8177315173834336,13,1,4
multi_M78_empty_trained,colacan01_indoor:2048,310,0.02622666222323578,298,5,202
multi_M78_empty_trained,colacan01_indoor:2560,495,0.8551515112242871,0,0,0
multi_M78_empty_trained,colacan04_indoor:0,336,0.4465611769646814,168,4,176
multi_M78_empty_trained,colacan04_indoor:512,231,0.8384980347719759,14,0,257
multi_M78_empty_trained,container01_indoor:0,447,0.9338649255767912,1,0,97
multi_M78_empty_trained,container01_indoor:544,174,0.887550004946203,3,0,42
multi_M78_empty_trained,cup08_indoor:0,436,0.8972697732251964,0,0,76
multi_M78_empty_trained,cup08_indoor:512,459,0.8805956535501365,1,0,53
multi_M78_empty_trained,cup08_indoor:1024,426,0.8794029545095898,0,0,0
multi_M78_empty_trained,cup10_indoor:0,509,0.9031442911742585,0,0,3
multi_M78_empty_trained,cup10_indoor:512,512,0.9209355668085197,6,0,0
multi_M78_empty_trained,cup10_indoor:1024,507,0.872615961293176,0,0,5
multi_M78_empty_trained,cup10_indoor:1536,472,0.7870622732406402,58,1,40
multi_M78_empty_trained,cup10_indoor:2048,147,0.8492022206011797,6,0,0
multi_M78_empty_trained,cup13_indoor:0,508,0.8460292470327241,2,0,4
multi_M78_empty_trained,cup13_indoor:512,466,0.6522776502027824,94,2,78
multi_M78_empty_trained,cup13_indoor:1056,507,0.8194495813324789,6,0,5
multi_M78_empty_trained,cup13_indoor:1568,177,0.7440800514590374,13,1,16
multi_M78_empty_trained,egg_indoor:0,442,0.11449006765213506,382,4,70
multi_M78_empty_trained,egg_indoor:512,512,0.7947990676247049,30,1,0
multi_M78_empty_trained,egg_indoor:1024,479,0.7883417718854216,50,1,33
multi_M78_empty_trained,egg_indoor:1536,512,0.897969740196492,13,1,0
multi_M78_empty_trained,egg_indoor:2048,512,0.85335450705078,0,0,0
multi_M78_empty_trained,egg_indoor:2560,497,0.8575152406150605,15,0,15
multi_M78_empty_trained,egg_indoor:3072,479,0.8713844806632975,0,0,0
multi_M78_empty_trained,flower02_wild:0,358,0.6236300198433651,90,1,154
multi_M78_empty_trained,flower02_wild:512,109,0.7268025609450591,13,0,34
multi_M78_empty_trained,flower03_indoor:0,367,0.8466362591326668,0,0,145
multi_M78_empty_trained,flower03_indoor:512,180,0.8532910379436557,0,0,51
multi_M78_empty_trained,flowerbasket_indoor:0,427,0.6143888961130075,132,1,85
multi_M78_empty_trained,flowerbasket_indoor:512,424,0.7458349209929415,65,1,64
multi_M78_empty_trained,ghostmask_indoor:0,464,0.8960420409258928,2,0,48
multi_M78_empty_trained,ghostmask_indoor:512,424,0.8213790460218405,5,0,88
multi_M78_empty_trained,ghostmask_indoor:1024,137,0.8608374404698864,4,0,3
multi_M78_empty_trained,glass03_indoor:0,429,0.3558105760047981,267,3,83
multi_M78_empty_trained,glass03_indoor:512,141,0.8697166969076241,11,1,21
multi_M78_empty_trained,mobilephone01_indoor:0,509,0.8970337813694649,0,0,3
multi_M78_empty_trained,mobilephone01_indoor:512,400,0.4488952920814006,193,5,144
multi_M78_empty_trained,mobilephone01_indoor:1056,308,0.8747390713469305,4,0,53
multi_M78_empty_trained,mobilephone02_indoor:0,422,0.8431504335457827,3,0,90
multi_M78_empty_trained,mobilephone02_indoor:512,188,0.8481432290698975,0,0,0
multi_M78_empty_trained,notebook02_indoor:0,512,0.9025509260300044,0,0,0
multi_M78_empty_trained,notebook02_indoor:512,461,0.878633310784001,2,0,51
multi_M78_empty_trained,notebook02_indoor:1024,471,0.8714393786454768,0,0,41
multi_M78_empty_trained,notebook02_indoor:1536,463,0.827540544011108,10,0,49
multi_M78_empty_trained,notebook02_indoor:2048,502,0.8764252835451937,11,0,10
multi_M78_empty_trained,notebook02_indoor:2560,85,0.9558679768589513,0,0,0
