condition,sequence,valid_frames,mean_iou,low_iou_frames,H10_episodes
t0_category,bag05_indoor,587,0.854969811915937,5,0
t0_category,ball07_indoor,2179,0.7778558971843348,334,8
t0_category,ball19_indoor,1380,0.8475471528076232,20,0
t0_category,beautifullight01_indoor,910,0.5517931241132006,339,6
t0_category,book06_indoor,1545,0.7802263475695977,150,4
t0_category,car01_indoor,1402,0.3985606342388879,797,3
t0_category,car02_indoor,565,0.9117042691656733,14,1
t0_category,colacan01_indoor,2801,0.1011904686841308,2468,10
t0_category,colacan04_indoor,567,0.20399525847252958,439,13
t0_category,container01_indoor,621,0.9249234190336526,3,0
t0_category,cup08_indoor,1321,0.9004540651095537,1,0
t0_category,cup10_indoor,2147,0.8976864567657249,13,1
t0_category,cup13_indoor,1658,0.799975524139966,62,2
t0_category,egg_indoor,3433,0.5704519863333751,1209,13
t0_category,flower02_wild,467,0.6498228604544306,103,1
t0_category,flower03_indoor,547,0.8470686178412948,0,0
t0_category,flowerbasket_indoor,851,0.31355992149098966,552,3
t0_category,ghostmask_indoor,1025,0.6908529084762222,233,4
t0_category,glass03_indoor,570,0.16902015231944045,468,5
t0_category,mobilephone01_indoor,1217,0.5280902223751923,483,8
t0_category,mobilephone02_indoor,610,0.8434208596728113,4,0
t0_category,notebook02_indoor,2494,0.8516981662416255,74,2
t0_empty_trained,bag05_indoor,587,0.7695525793329466,61,2
t0_empty_trained,ball07_indoor,2179,0.8039871658326039,273,7
t0_empty_trained,ball19_indoor,1380,0.8473470010822353,20,1
t0_empty_trained,beautifullight01_indoor,910,0.4148314193216869,480,9
t0_empty_trained,book06_indoor,1545,0.8115163723593122,81,2
t0_empty_trained,car01_indoor,1402,0.39977146038026584,796,3
t0_empty_trained,car02_indoor,565,0.9132890320795335,14,1
t0_empty_trained,colacan01_indoor,2801,0.10029381245039096,2471,10
t0_empty_trained,colacan04_indoor,567,0.48995330156513883,256,8
t0_empty_trained,container01_indoor,621,0.8746356370887503,36,1
t0_empty_trained,cup08_indoor,1321,0.8959643574886794,1,0
t0_empty_trained,cup10_indoor,2147,0.8733832586472158,74,1
t0_empty_trained,cup13_indoor,1658,0.8015304559725035,62,2
t0_empty_trained,egg_indoor,3433,0.5412486151990336,1329,12
t0_empty_trained,flower02_wild,467,0.6642002214971419,93,1
t0_empty_trained,flower03_indoor,547,0.8426152625155026,0,0
t0_empty_trained,flowerbasket_indoor,851,0.7701423275564652,113,2
t0_empty_trained,ghostmask_indoor,1025,0.6738949180713948,251,4
t0_empty_trained,glass03_indoor,570,0.5806719500007271,220,2
t0_empty_trained,mobilephone01_indoor,1217,0.5295878197313798,483,8
t0_empty_trained,mobilephone02_indoor,610,0.8290058232176014,15,1
t0_empty_trained,notebook02_indoor,2494,0.5336478960316514,820,13
t0_empty_content,bag05_indoor,587,0.820962787962896,27,1
t0_empty_content,ball07_indoor,2179,0.798520924553205,285,8
t0_empty_content,ball19_indoor,1380,0.842752153148427,25,1
t0_empty_content,beautifullight01_indoor,910,0.8361884428197085,36,0
t0_empty_content,book06_indoor,1545,0.7915645228491829,128,3
t0_empty_content,car01_indoor,1402,0.39903536412613455,796,3
t0_empty_content,car02_indoor,565,0.912436399950369,14,1
t0_empty_content,colacan01_indoor,2801,0.10210078044727132,2465,10
t0_empty_content,colacan04_indoor,567,0.26419203963713755,399,12
t0_empty_content,container01_indoor,621,0.9244856642919108,3,0
t0_empty_content,cup08_indoor,1321,0.8998009419220365,1,0
t0_empty_content,cup10_indoor,2147,0.8725502867984717,75,1
t0_empty_content,cup13_indoor,1658,0.8042644407516524,56,2
t0_empty_content,egg_indoor,3433,0.6032630292635739,1081,12
t0_empty_content,flower02_wild,467,0.7869173405684214,26,0
t0_empty_content,flower03_indoor,547,0.8461969790127778,0,0
t0_empty_content,flowerbasket_indoor,851,0.7702587233592221,114,2
t0_empty_content,ghostmask_indoor,1025,0.8034592628501154,88,1
t0_empty_content,glass03_indoor,570,0.5842197039407799,218,2
t0_empty_content,mobilephone01_indoor,1217,0.5625639321420223,436,6
t0_empty_content,mobilephone02_indoor,610,0.8429813644920472,4,0
t0_empty_content,notebook02_indoor,2494,0.3154596842644475,1437,17
t0_swapped,bag05_indoor,587,0.8272275603462242,24,1
t0_swapped,ball07_indoor,2179,0.7841543927432528,326,11
t0_swapped,ball19_indoor,1380,0.846031539662114,23,1
t0_swapped,beautifullight01_indoor,910,0.3349192864037462,563,11
t0_swapped,book06_indoor,1545,0.8176916237998094,79,2
t0_swapped,car01_indoor,1402,0.4001905690440504,795,3
t0_swapped,car02_indoor,565,0.9127054085412085,14,1
t0_swapped,colacan01_indoor,2801,0.10078552996307717,2469,10
t0_swapped,colacan04_indoor,567,0.21315993016129847,433,13
t0_swapped,container01_indoor,621,0.8282444184696824,67,1
t0_swapped,cup08_indoor,1321,0.896078612204173,1,0
t0_swapped,cup10_indoor,2147,0.882855534813547,51,1
t0_swapped,cup13_indoor,1658,0.8015319717712359,63,2
t0_swapped,egg_indoor,3433,0.46936992208098,1572,16
t0_swapped,flower02_wild,467,0.6605358106158588,95,1
t0_swapped,flower03_indoor,547,0.8452901936184757,0,0
t0_swapped,flowerbasket_indoor,851,0.7692488706642072,116,2
t0_swapped,ghostmask_indoor,1025,0.6773932058205211,252,5
t0_swapped,glass03_indoor,570,0.2751988609151683,404,4
t0_swapped,mobilephone01_indoor,1217,0.5627056267071385,435,6
t0_swapped,mobilephone02_indoor,610,0.8432624719757565,4,0
t0_swapped,notebook02_indoor,2494,0.3152696500472051,1442,17
multi_category,bag05_indoor,587,0.7996079665798353,39,2
multi_category,ball07_indoor,2179,0.7844807306963713,323,7
multi_category,ball19_indoor,1380,0.8446911206489608,24,1
multi_category,beautifullight01_indoor,910,0.567732469486034,315,9
multi_category,book06_indoor,1545,0.819485010624534,80,3
multi_category,car01_indoor,1402,0.7466999138540417,280,3
multi_category,car02_indoor,565,0.912052766685387,14,1
multi_category,colacan01_indoor,2801,0.6929491431788454,476,8
multi_category,colacan04_indoor,567,0.557797494919453,213,5
multi_category,container01_indoor,621,0.9227724123010648,4,0
multi_category,cup08_indoor,1321,0.8945888953937076,1,0
multi_category,cup10_indoor,2147,0.8766249957624672,60,1
multi_category,cup13_indoor,1658,0.8197830551732775,16,0
multi_category,egg_indoor,3433,0.7611002525052551,450,7
multi_category,flower02_wild,467,0.637670386006861,111,1
multi_category,flower03_indoor,547,0.8492934295217207,0,0
multi_category,flowerbasket_indoor,851,0.6516912108349788,225,2
multi_category,ghostmask_indoor,1025,0.8628552665969341,14,0
multi_category,glass03_indoor,570,0.37276454254400104,345,5
multi_category,mobilephone01_indoor,1217,0.7463112529153597,196,5
multi_category,mobilephone02_indoor,610,0.8441526825110259,4,0
multi_category,notebook02_indoor,2494,0.8712443974464152,30,1
multi_empty_trained,bag05_indoor,587,0.779278401829448,55,2
multi_empty_trained,ball07_indoor,2179,0.7820321319673169,330,8
multi_empty_trained,ball19_indoor,1380,0.846280926421727,23,1
multi_empty_trained,beautifullight01_indoor,910,0.5474679197745499,337,9
multi_empty_trained,book06_indoor,1545,0.8205243652486395,71,2
multi_empty_trained,car01_indoor,1402,0.7476461950251306,279,3
multi_empty_trained,car02_indoor,565,0.9135743197684427,14,1
multi_empty_trained,colacan01_indoor,2801,0.6930508441827365,479,8
multi_empty_trained,colacan04_indoor,567,0.6470060571012166,156,4
multi_empty_trained,container01_indoor,621,0.9216083547277845,4,0
multi_empty_trained,cup08_indoor,1321,0.8877053248969524,1,0
multi_empty_trained,cup10_indoor,2147,0.8934590965861494,19,1
multi_empty_trained,cup13_indoor,1658,0.8071862485408959,45,1
multi_empty_trained,egg_indoor,3433,0.6860887614477663,745,8
multi_empty_trained,flower02_wild,467,0.6498633407982293,102,2
multi_empty_trained,flower03_indoor,547,0.8461903728040352,0,0
multi_empty_trained,flowerbasket_indoor,851,0.8029346527180719,81,2
multi_empty_trained,ghostmask_indoor,1025,0.8608058946371355,17,0
multi_empty_trained,glass03_indoor,570,0.8067431740215194,83,1
multi_empty_trained,mobilephone01_indoor,1217,0.7859171898399574,144,4
multi_empty_trained,mobilephone02_indoor,610,0.830218302822429,15,1
multi_empty_trained,notebook02_indoor,2494,0.8745435178356125,23,0
multi_native,bag05_indoor,587,0.8247089233094452,26,1
multi_native,ball07_indoor,2179,0.8585656086353624,121,4
multi_native,ball19_indoor,1380,0.840704712346549,19,1
multi_native,beautifullight01_indoor,910,0.7919015986243567,78,2
multi_native,book06_indoor,1545,0.8262689743477218,86,3
multi_native,car01_indoor,1402,0.684287840718529,375,3
multi_native,car02_indoor,565,0.6926350472570628,143,2
multi_native,colacan01_indoor,2801,0.6984988832277086,458,7
multi_native,colacan04_indoor,567,0.5484011333464552,217,7
multi_native,container01_indoor,621,0.9228228252368511,5,0
multi_native,cup08_indoor,1321,0.8271134363960414,103,1
multi_native,cup10_indoor,2147,0.8752430382197319,60,1
multi_native,cup13_indoor,1658,0.7626708022619161,125,3
multi_native,egg_indoor,3433,0.7183357933014297,594,8
multi_native,flower02_wild,467,0.657808210939361,96,2
multi_native,flower03_indoor,547,0.8403806843138215,0,0
multi_native,flowerbasket_indoor,851,0.8431560833276803,48,2
multi_native,ghostmask_indoor,1025,0.8604965782188473,16,0
multi_native,glass03_indoor,570,0.7575609182839365,111,3
multi_native,mobilephone01_indoor,1217,0.7276072145434629,224,7
multi_native,mobilephone02_indoor,610,0.8505063421903563,1,0
multi_native,notebook02_indoor,2494,0.8705037116939606,26,0
multi_M78_category,bag05_indoor,587,0.7968200428355442,43,2
multi_M78_category,ball07_indoor,2179,0.7814823755240411,331,8
multi_M78_category,ball19_indoor,1380,0.8018728559308741,86,1
multi_M78_category,beautifullight01_indoor,910,0.5987239375284611,281,7
multi_M78_category,book06_indoor,1545,0.8263892634587944,69,2
multi_M78_category,car01_indoor,1402,0.749238846747038,277,3
multi_M78_category,car02_indoor,565,0.9110883136958934,14,1
multi_M78_category,colacan01_indoor,2801,0.741664445584982,313,6
multi_M78_category,colacan04_indoor,567,0.7718332378195109,77,1
multi_M78_category,container01_indoor,621,0.9232534690118489,4,0
multi_M78_category,cup08_indoor,1321,0.8908532171775657,1,0
multi_M78_category,cup10_indoor,2147,0.8673390041257771,74,1
multi_M78_category,cup13_indoor,1658,0.8163540521432279,22,1
multi_M78_category,egg_indoor,3433,0.6828583890998202,757,9
multi_M78_category,flower02_wild,467,0.7861408171549176,27,0
multi_M78_category,flower03_indoor,547,0.8495640505901016,0,0
multi_M78_category,flowerbasket_indoor,851,0.6498418884157594,226,2
multi_M78_category,ghostmask_indoor,1025,0.8593188087993986,13,0
multi_M78_category,glass03_indoor,570,0.4022253380902981,327,4
multi_M78_category,mobilephone01_indoor,1217,0.7863176016271534,135,3
multi_M78_category,mobilephone02_indoor,610,0.8442094796631703,3,0
multi_M78_category,notebook02_indoor,2494,0.8644322342941844,52,1
multi_M78_empty_trained,bag05_indoor,587,0.8205177466095013,26,1
multi_M78_empty_trained,ball07_indoor,2179,0.7798335135611051,340,8
multi_M78_empty_trained,ball19_indoor,1380,0.8471470691651714,23,1
multi_M78_empty_trained,beautifullight01_indoor,910,0.4361781842537879,459,9
multi_M78_empty_trained,book06_indoor,1545,0.8313589297379842,61,2
multi_M78_empty_trained,car01_indoor,1402,0.7527780974902311,271,3
multi_M78_empty_trained,car02_indoor,565,0.9092654289210294,14,1
multi_M78_empty_trained,colacan01_indoor,2801,0.6948536347552796,478,8
multi_M78_empty_trained,colacan04_indoor,567,0.6062391560713569,182,4
multi_M78_empty_trained,container01_indoor,621,0.9208877980571095,4,0
multi_M78_empty_trained,cup08_indoor,1321,0.8857143714812895,1,0
multi_M78_empty_trained,cup10_indoor,2147,0.8709650052106453,70,1
multi_M78_empty_trained,cup13_indoor,1658,0.77256173059767,115,3
multi_M78_empty_trained,egg_indoor,3433,0.7501933284804011,490,7
multi_M78_empty_trained,flower02_wild,467,0.6477109769741674,103,1
multi_M78_empty_trained,flower03_indoor,547,0.8488261315019137,0,0
multi_M78_empty_trained,flowerbasket_indoor,851,0.6798802175572989,197,2
multi_M78_empty_trained,ghostmask_indoor,1025,0.8604516603387796,11,0
multi_M78_empty_trained,glass03_indoor,570,0.4829347217018129,278,4
multi_M78_empty_trained,mobilephone01_indoor,1217,0.7440985583602896,197,5
multi_M78_empty_trained,mobilephone02_indoor,610,0.8446891967564935,3,0
multi_M78_empty_trained,notebook02_indoor,2494,0.8748875380876693,23,0
t0_native,bag05_indoor,587,0.8279253172403458,25,1
t0_native,ball07_indoor,2179,0.3656797293121897,1288,8
t0_native,ball19_indoor,1380,0.8376023386993889,19,1
t0_native,beautifullight01_indoor,910,0.6148167814582928,270,4
t0_native,book06_indoor,1545,0.6561600052875503,381,3
t0_native,car01_indoor,1402,0.39028989887698157,814,3
t0_native,car02_indoor,565,0.6931147174102164,143,2
t0_native,colacan01_indoor,2801,0.10115527899935023,2464,10
t0_native,colacan04_indoor,567,0.2765575051997759,392,12
t0_native,container01_indoor,621,0.9258524353783406,4,0
t0_native,cup08_indoor,1321,0.8313948629454425,103,1
t0_native,cup10_indoor,2147,0.8662969533094967,77,1
t0_native,cup13_indoor,1658,0.7701025858000975,111,3
t0_native,egg_indoor,3433,0.7347777865948814,523,9
t0_native,flower02_wild,467,0.6505474063201775,100,2
t0_native,flower03_indoor,547,0.8383055701525113,0,0
t0_native,flowerbasket_indoor,851,0.7620250104906767,123,3
t0_native,ghostmask_indoor,1025,0.7160860831905007,193,3
t0_native,glass03_indoor,570,0.7575939180713592,111,3
t0_native,mobilephone01_indoor,1217,0.7298451507172626,207,5
t0_native,mobilephone02_indoor,610,0.8512744411117056,1,0
t0_native,notebook02_indoor,2494,0.8579973833543286,48,1
