anchor_key,sequence,anchor,direction,step,source_frame,previous_source_frame,previous_iou,current_iou,confidence,gt_displacement_px,gt_displacement_norm,gt_linear_scale_ratio,gt_scale_change_factor,gt_width_ratio,gt_height_ratio,pred_jump_gt_norm,pred_scale_change_factor,prior_error_gt_norm,current_error_gt_norm,search_offset_gt_norm,previous_pred_to_gt_linear_scale,actual_center_inside,actual_full_inside,oracle_previous_gt_center_inside,oracle_previous_gt_full_inside,velocity_available,velocity_center_inside,velocity_full_inside,velocity_center_gain,velocity_center_loss,velocity_full_gain,velocity_full_loss,last_template_write_step,last_template_source_frame,template_age,template_write_iou,template_is_initial,write_on_current_frame,gt_template_scale_change_factor
ball06_indoor_2@0F,ball06_indoor_2,0,forward,193,193,192,0.7094594594594594,0.0,0.37966958,14.866068747318506,0.6916321120039023,1.0,1.0,1.0,1.0,0.8881955431671109,1.0896447299947543,0.08618284121746941,1.2621731349768073,0.7459434289891325,1.0833143651926684,True,True,True,True,True,True,True,False,False,False,False,0,0,193,1.0,True,False,1.0
ball06_indoor_2@149F,ball06_indoor_2,149,forward,44,193,192,0.7407407407407407,0.0,0.3791351,14.866068747318506,0.6916321120039023,1.0,1.0,1.0,1.0,0.8825671197359365,1.0732327555713082,0.08158135591410863,1.24995061177051,0.741931557415156,1.083671294893943,True,True,True,True,True,True,True,False,False,False,False,0,149,44,1.0,True,False,1.0930714500000422
ball06_indoor_2@199B,ball06_indoor_2,199,backward,87,112,113,0.6842105263157895,0.017654476670870115,0.33844253,17.029386365926403,0.6193527941310055,1.0,1.0,1.0,1.0,0.6798237942108609,1.0600988707174528,0.13865218351612787,1.1155647421114987,0.7194686405254943,1.017558431620036,True,True,True,True,True,True,True,False,False,False,False,0,199,87,1.0,True,False,1.2792042981336627
ball06_indoor_2@298B,ball06_indoor_2,298,backward,46,252,253,0.75,0.0,0.4437212,21.213203435596427,0.9430419201928972,1.0,1.0,1.0,1.0,0.7218863361618938,1.0585874301675515,0.15803138904801223,1.1270799390813173,1.1010531509840966,1.0598292159030804,True,True,True,True,True,True,True,False,False,False,False,0,298,46,1.0,True,False,1.066930138738529
ball06_indoor_2@329B,ball06_indoor_2,329,backward,77,252,253,0.6873977086743044,0.0,0.25543824,21.213203435596427,0.9430419201928972,1.0,1.0,1.0,1.0,0.7227013027657697,1.0405755192083124,0.17226008456031522,1.1423844754945076,1.1140166345792377,1.0263371472443747,True,True,True,True,True,True,True,False,False,False,False,0,329,77,1.0,True,False,1.044465935734187
ball06_indoor_2@50F,ball06_indoor_2,50,forward,143,193,192,0.7692307692307693,0.0,0.39331332,14.866068747318506,0.6916321120039023,1.0,1.0,1.0,1.0,0.8653292864573645,1.0816483911667791,0.1024892288548372,1.2520821480684994,0.7631009707022038,1.055663591757816,True,True,True,True,True,True,True,False,False,False,False,0,50,143,1.0,True,False,1.162174406295953
ball06_indoor_2@99F,ball06_indoor_2,99,forward,94,193,192,0.6840390879478827,0.0,0.36741152,14.866068747318506,0.6916321120039023,1.0,1.0,1.0,1.0,0.8847350064381808,1.0652656172288755,0.06820196993973912,1.2398325031307067,0.7175044789764005,1.1025553733459488,True,True,True,True,True,True,True,False,False,False,False,0,99,94,1.0,True,False,1.2326721054199774
bandlight_indoor_1@1050B,bandlight_indoor_1,1050,backward,280,770,771,0.40087829360100374,0.05752111390093586,0.42527193,0.5,0.009265616458263765,0.9805806756909202,1.0198039027185568,0.9615384615384616,1.0,0.6426542990136522,1.0859760573137682,0.4144523306216276,1.0400922407550874,0.41242595720447234,0.7317177797271528,True,True,True,True,True,True,False,False,False,False,True,200,850,80,0.9276462706565431,False,False,1.126106541153627
bandlight_indoor_1@1100B,bandlight_indoor_1,1100,backward,327,773,774,0.1573861021629084,0.06401137980085349,0.37296525,5.0990195135927845,0.09325048082403137,0.9439120190280192,1.059420772107274,0.9230769230769231,0.9652173913043478,0.10008970729398603,1.0667037046179326,0.8922189465698459,1.0398046141813604,0.9397190445721049,0.8288937596858985,True,False,True,True,True,True,False,False,False,False,False,250,850,77,0.9855072463768116,False,False,1.098417834492155
bandlight_indoor_1@500F,bandlight_indoor_1,500,forward,432,932,931,0.7212238950947062,0.0,0.17385459,4.272001872658765,0.0679466465294761,0.9263274091868802,1.0795319128878944,0.9552238805970149,0.8983050847457628,1.4306183146727074,1.2713599414626415,0.05405742713369656,1.4185758693096127,0.01968464616929137,0.8955713089172402,True,True,True,True,True,True,True,False,False,False,False,300,800,132,0.3431372549019608,False,False,1.230563169563316
bandlight_indoor_1@850B,bandlight_indoor_1,850,backward,77,773,774,0.1339044183949504,0.06716768435885392,0.63605404,5.0990195135927845,0.09325048082403137,0.9439120190280192,1.059420772107274,0.9230769230769231,0.9652173913043478,0.034010224136658156,1.042570195575856,0.9582455393278789,1.0394671494752616,1.00614159285553,0.8260128056275227,True,False,True,True,True,True,False,False,False,False,False,0,850,77,1.0,True,False,1.098417834492155
bandlight_indoor_1@900B,bandlight_indoor_1,900,backward,132,768,769,0.11182108626198083,0.09325311559948432,0.6227115,0.0,0.0,1.0,1.0,1.0,1.0,0.03390358926684003,1.0188596936133931,0.9962622226656028,1.0301368191072167,0.9962622226656028,0.9240563568233296,True,False,True,True,True,True,False,False,False,False,False,0,900,132,1.0,True,False,1.2619429464123963
cube02_indoor_1@300B,cube02_indoor_1,300,backward,127,173,174,0.9079236977256053,0.0,0.20988874,148.18991193735152,2.838283119040415,0.9384975739224124,1.0655328556903356,1.0425531914893618,0.8448275862068966,1.3287543370089163,1.5542613460163193,0.03415548918590582,4.013612243395492,2.807363153209846,0.9590120867976346,False,False,False,False,True,False,False,False,False,False,False,100,200,27,0.8928939237899073,False,False,1.0917890510281842
cube02_indoor_1@350B,cube02_indoor_1,350,backward,177,173,174,0.8682170542635659,0.0,0.21735857,148.18991193735152,2.838283119040415,0.9384975739224124,1.0655328556903356,1.0425531914893618,0.8448275862068966,1.3435949888067247,1.5510160898383785,0.04606798316298244,4.013692602358036,2.79502886644532,0.9655932485219092,False,False,False,False,True,False,False,False,False,False,False,150,200,27,0.9104016477857878,False,False,1.0917890510281842
cube02_indoor_1@400B,cube02_indoor_1,400,backward,227,173,174,0.905823148813803,0.0,0.1979366,148.18991193735152,2.838283119040415,0.9384975739224124,1.0655328556903356,1.0425531914893618,0.8448275862068966,1.330901615156041,1.5562454986159955,0.03305515174462398,4.016485973905212,2.8060534329121865,0.9719116804650673,False,False,False,False,True,False,False,False,False,False,False,200,200,27,0.9266247379454927,False,False,1.0917890510281842
cube02_indoor_1@450B,cube02_indoor_1,450,backward,16,434,435,0.13775245986535473,0.0,0.51334625,6.5,0.13721510754924346,1.0124008280913952,1.0124008280913952,0.9803921568627451,1.0454545454545454,0.14195835661696826,1.1529821686131176,0.7864913724297206,0.9947938099294762,0.9222665144542804,0.9742299376747645,True,True,True,True,True,True,True,False,False,False,False,0,450,16,1.0,True,False,1.0840744399276039
cube02_indoor_1@506B,cube02_indoor_1,506,backward,333,173,174,0.8533145275035261,0.0,0.2262752,148.18991193735152,2.838283119040415,0.9384975739224124,1.0655328556903356,1.0425531914893618,0.8448275862068966,1.3453163971463844,1.5709139820006406,0.04892541180279727,4.0125851014428315,2.7913887212815207,0.9640211280405344,False,False,False,False,True,False,False,False,False,False,False,300,206,33,0.8121410992616899,False,False,1.0425531914893618
cube02_indoor_1@550B,cube02_indoor_1,550,backward,377,173,174,0.8533145275035261,0.0,0.2066856,148.18991193735152,2.838283119040415,0.9384975739224124,1.0655328556903356,1.0425531914893618,0.8448275862068966,1.3270137861617095,1.5551160508462263,0.04408142544659054,4.000604385366121,2.795232638288687,0.9623315673441275,False,False,False,False,True,False,False,False,False,False,False,350,200,27,0.9266247379454927,False,False,1.0917890510281842
cube02_indoor_1@569B,cube02_indoor_1,569,backward,396,173,174,0.889967637540453,0.0,0.18570149,148.18991193735152,2.838283119040415,0.9384975739224124,1.0655328556903356,1.0425531914893618,0.8448275862068966,1.32030479559286,1.549672889592746,0.027510127121496725,4.007122813036542,2.8120307676564718,0.9592242822263675,False,False,False,False,True,False,False,False,False,False,False,250,319,146,0.9147982062780269,False,False,1.160397467414653
cube05_indoor_1@0F,cube05_indoor_1,0,forward,9,9,8,0.9433962264150944,0.09751243781094528,0.48176083,10.965856099730654,0.21715630947568168,0.9497161598676341,1.0529461772445508,1.0,0.9019607843137255,0.8613836768411275,1.0968224875744184,0.02661591492916592,0.7704723731958827,0.23157011530798108,1.0038351565278318,True,True,True,True,True,True,True,False,False,False,False,0,0,9,1.0,True,False,1.0810639143879839
cube05_indoor_1@110B,cube05_indoor_1,110,backward,88,22,23,0.8894776684330054,0.0,0.05595599,0.7071067811865476,0.014008295367013146,0.9964615576091125,1.0035510074260943,0.9387755102040817,1.0576923076923077,1.8801309143959084,1.0602431531056953,0.03416682598720375,1.8709705234972231,0.02780060185338804,0.9843459750505178,True,True,True,True,True,True,True,False,False,False,False,50,60,38,0.8407310704960835,False,False,1.1901988692081158
cube05_indoor_4@0F,cube05_indoor_4,0,forward,281,281,280,0.926829268292683,0.0,0.17583343,0.0,0.0,1.0,1.0,1.0,1.0,1.5357009163452187,1.0198719399681615,0.016801095022276474,1.5524221812768106,0.016801095022276474,1.041958577998225,True,True,True,True,True,True,True,False,False,False,False,50,50,231,0.9190600522193212,False,False,1.2357217770393576
cube05_indoor_4@100F,cube05_indoor_4,100,forward,181,281,280,0.9030644152595372,0.0,0.17002258,0.0,0.0,1.0,1.0,1.0,1.0,1.5366617498652273,1.0217865150059056,0.028674218702741585,1.5617967832366033,0.028674218702741585,1.0442505810772347,True,True,True,True,True,True,True,False,False,False,False,0,100,181,1.0,True,False,1.4997691419763166
cube05_indoor_4@149F,cube05_indoor_4,149,forward,132,281,280,0.8809523809523809,0.0,0.20549963,0.0,0.0,1.0,1.0,1.0,1.0,1.5522555712684174,1.042979880605555,0.01622697066296705,1.565218391600403,0.01622697066296705,1.04993283961054,True,True,True,True,True,True,True,False,False,False,False,0,149,132,1.0,True,False,1.469920004607257
cube05_indoor_4@50F,cube05_indoor_4,50,forward,230,280,279,0.9255784865540964,0.0,0.1882206,1.118033988749895,0.029061909685954825,0.987762965329069,1.0123886348248077,0.95,1.027027027027027,1.530764244564781,1.039539377529615,0.025239288701518973,1.5479783196826902,0.019561038450285836,1.0354101915789051,True,True,True,True,True,True,True,False,False,False,False,50,100,180,0.9175141242937853,False,False,1.4997691419763166
cube05_indoor_5@0F,cube05_indoor_5,0,forward,62,62,61,0.8537768537768538,0.03382949932341001,0.4159767,5.0,0.0937903091855161,0.9583148474999099,1.0434983894999017,1.0,0.9183673469387755,0.7703070609202444,1.1275036839386043,0.034593356793168516,0.832439634680978,0.06228081259699058,0.9410068472115688,True,True,True,True,True,True,True,False,False,False,False,0,0,62,1.0,True,False,1.219499687240422
cube05_indoor_5@100F,cube05_indoor_5,100,forward,282,382,381,0.12691087395442746,0.09230769230769231,0.91407675,3.1622776601683795,0.07968190728895959,1.0050665302151547,1.0050665302151547,1.0571428571428572,0.9555555555555556,0.01671483139956157,1.0035303712341053,0.8517909358477487,0.9310698451728202,0.927795613642092,1.2234330298141336,True,True,True,True,True,True,True,False,False,False,False,250,350,32,0.5061801059446733,False,False,1.0517711260399474
cube05_indoor_5@150F,cube05_indoor_5,150,forward,232,382,381,0.20253164556962025,0.0711135611907387,0.81629926,3.1622776601683795,0.07968190728895959,1.0050665302151547,1.0050665302151547,1.0571428571428572,0.9555555555555556,0.08263474018120462,1.0829640930089683,0.8066252150284842,0.9644079813722286,0.8830140869002132,1.3010682380338114,True,True,True,True,True,True,True,False,False,False,False,200,350,32,0.513126491646778,False,False,1.0517711260399474
cube05_indoor_5@200F,cube05_indoor_5,200,forward,182,382,381,0.1357263039820527,0.08200836820083682,0.8712076,3.1622776601683795,0.07968190728895959,1.0050665302151547,1.0050665302151547,1.0571428571428572,0.9555555555555556,0.03823591369710837,1.035709588466134,0.845867454215672,0.9518366735086793,0.9224979953291683,1.2560251414479842,True,True,True,True,True,True,True,False,False,False,False,50,250,132,0.8934154429180483,False,False,1.1406439016497811
cube05_indoor_5@387B,cube05_indoor_5,387,backward,90,297,298,0.13626834381551362,0.06260671599317018,0.91698295,9.5524865872714,0.24200966466660184,1.008309506856629,1.008309506856629,1.1578947368421053,0.8780487804878049,0.009036623728884778,1.0226222877700153,0.7729624137763792,0.890587809912673,0.897982731035455,1.2045859715262992,True,True,True,True,True,True,True,False,False,False,False,50,337,40,0.3501922508133688,False,False,1.1124297730643495
cube05_indoor_5@400B,cube05_indoor_5,400,backward,103,297,298,0.14562518922191947,0.06184987348889514,0.8927696,9.5524865872714,0.24200966466660184,1.008309506856629,1.008309506856629,1.1578947368421053,0.8780487804878049,0.03497005053253091,1.008833995239191,0.7491951785762112,0.8858456374789209,0.8814269135064761,1.198762368495809,True,True,True,True,True,True,True,False,False,False,False,50,350,53,0.4994192799070848,False,False,1.0540925533894598
cube05_indoor_5@450B,cube05_indoor_5,450,backward,57,393,394,0.8422971741112124,0.0,0.5232122,2.23606797749979,0.04917107860304124,0.9784921095801633,1.021980647783726,1.0,0.9574468085106383,0.961854292751522,1.0352930468330934,0.02576676932916149,1.0026455901806974,0.04769113507404772,0.9796526957224592,True,True,True,True,True,True,True,False,False,False,False,0,450,57,1.0,True,False,1.0110500592068734
cube05_indoor_5@491B,cube05_indoor_5,491,backward,194,297,298,0.13804611650485438,0.06260671599317018,0.92391884,9.5524865872714,0.24200966466660184,1.008309506856629,1.008309506856629,1.1578947368421053,0.8780487804878049,0.02326894548753815,1.0054088175910791,0.7775719794344872,0.8831665750084405,0.9038866776858206,1.1851516322089186,True,True,True,True,True,True,True,False,False,False,False,150,341,44,0.5086182537439955,False,False,1.1052560377988936
cube05_indoor_5@50F,cube05_indoor_5,50,forward,332,382,381,0.275,0.08190476190476191,0.51677185,3.1622776601683795,0.07968190728895959,1.0050665302151547,1.0050665302151547,1.0571428571428572,0.9555555555555556,0.17526095209321987,1.1254031457291624,0.7221706337380885,0.9736239290674277,0.7983632732802646,1.3766296606617139,True,True,True,True,True,True,True,False,False,False,False,300,350,32,0.5061801059446733,False,False,1.0517711260399474
cube05_indoor_6@100F,cube05_indoor_6,100,forward,427,527,526,0.12787470261697065,0.0261172373766686,0.41867727,5.220153254455275,0.08893826237221018,0.9688920549903959,1.0321067190605795,0.9245283018867925,1.0153846153846153,0.04401942644043955,1.0480577889692977,0.6650412660160872,0.7838107199637389,0.740551390516613,0.8093360878338893,True,True,True,True,True,True,True,False,False,False,False,300,400,127,0.7941176470588235,False,False,1.9346977943739831
cup02_indoor_1@0F,cup02_indoor_1,0,forward,455,455,454,0.9709181553801413,0.0,0.31256557,1.5,0.021619130152100107,1.0060060600071374,1.0060060600071374,1.0,1.0120481927710843,1.077793968374031,1.0445600983234442,0.01659813621802304,1.0891496257848858,0.013859648529637008,0.9859272817711967,True,True,True,True,True,True,True,False,False,False,False,400,400,55,0.9165120593692022,False,False,1.0203066406848684
cup02_indoor_1@1006B,cup02_indoor_1,1006,backward,60,946,947,0.1835564053537285,0.083595952894344,0.63814557,1.5811388300841898,0.031068488300060003,1.0322969851922779,1.0322969851922779,1.0810810810810811,0.9857142857142858,0.23670878926741873,1.026872816792736,0.5813643282235837,0.7500475786846857,0.5592127321363359,1.1772499795706743,True,True,True,True,True,True,True,False,False,False,False,50,956,10,0.0,False,False,1.0794523571257546
cup02_indoor_1@100F,cup02_indoor_1,100,forward,816,916,915,0.3383188752617409,0.07805676855895197,0.47170347,11.045361017187261,0.1625548673636599,1.0,1.0,1.0,1.0,0.16745749091149492,1.1379925658754346,0.3966921681984477,0.6960349929982591,0.5358129961652485,0.9660992096537151,True,True,True,True,True,True,True,False,False,False,False,800,900,16,0.861671469740634,False,False,1.1893368147095797
cup02_indoor_1@1050B,cup02_indoor_1,1050,backward,32,1018,1019,0.851963746223565,0.010061311114604623,0.42482573,0.0,0.0,1.0,1.0,1.0,1.0,0.7734731569629735,1.058529005297394,0.05494613032321645,0.7792203703828893,0.05494613032321645,0.9635441397606963,True,True,True,True,True,True,True,False,False,False,False,0,1050,32,1.0,True,False,1.0441674742519584
cup02_indoor_1@1100B,cup02_indoor_1,1100,backward,82,1018,1019,0.8797653958944281,0.010220125786163521,0.54373217,0.0,0.0,1.0,1.0,1.0,1.0,0.7675790446999067,1.1027976861878472,0.04353070547821005,0.7829360406395073,0.04353070547821005,1.0069340888498106,True,True,True,True,True,True,True,False,False,False,False,50,1050,32,0.9538784067085954,False,False,1.0441674742519584
cup02_indoor_1@1150B,cup02_indoor_1,1150,backward,132,1018,1019,0.8809788654060067,0.010165184243964422,0.43908727,0.0,0.0,1.0,1.0,1.0,1.0,0.7891878382813676,1.0650082952326068,0.0478112816786954,0.7762514617839767,0.0478112816786954,0.9678722304163949,True,True,True,True,True,True,True,False,False,False,False,100,1050,32,0.9355345911949685,False,False,1.0441674742519584
cup02_indoor_1@1200B,cup02_indoor_1,1200,backward,181,1019,1020,0.8809788654060067,0.03179860881086453,0.46905145,0.0,0.0,1.0,1.0,1.0,1.0,0.7544589583271883,1.0953963737465886,0.05914379189035379,0.7332697496203945,0.05914379189035379,0.9637690578089341,True,True,True,True,True,True,True,False,False,False,False,150,1050,31,0.9355345911949685,False,False,1.0441674742519584
cup02_indoor_1@1250B,cup02_indoor_1,1250,backward,230,1020,1021,0.7876878332525449,0.05241450421034542,0.367038,0.0,0.0,1.0,1.0,1.0,1.0,0.641199331682341,1.2176498591979443,0.08584225360030384,0.6901354659302519,0.08584225360030384,1.0518163433688268,True,True,True,True,True,True,True,False,False,False,False,200,1050,30,0.9057915057915058,False,False,1.0441674742519584
cup02_indoor_1@1300B,cup02_indoor_1,1300,backward,288,1012,1013,0.8642930856553147,0.0,0.31409532,0.0,0.0,1.0,1.0,1.0,1.0,0.9310142151880544,1.0363805160632817,0.04294398463802331,0.9391839557716201,0.04294398463802331,1.026381886019865,True,True,True,True,True,True,True,False,False,False,False,250,1050,38,0.9221698113207547,False,False,1.0441674742519584
cup02_indoor_1@1350B,cup02_indoor_1,1350,backward,25,1325,1326,0.10122699386503067,0.06206459784673844,0.53568786,1.0,0.024397501823713332,1.0690449676496976,1.0690449676496976,1.1428571428571428,1.0,0.12877585828394808,1.0905428460417044,0.8450811346756149,0.9129154419022929,0.840032304731607,1.485307802611382,True,True,True,True,True,True,True,False,False,False,False,0,1350,25,1.0,True,False,1.4657549249448216
cup02_indoor_1@1400B,cup02_indoor_1,1400,backward,79,1321,1322,0.1714077315827863,0.03347016103568046,0.6682531,5.0,0.10274936706584831,0.9590430196365091,1.042706092974864,0.8918918918918919,1.03125,0.2691385173751916,1.050516741176017,0.6943578605462726,0.9180712314866993,0.6893167679365512,1.3019782596681437,True,True,True,True,True,True,True,False,False,False,False,50,1350,29,0.8622754491017964,False,False,1.3762047064079506
cup02_indoor_1@1450B,cup02_indoor_1,1450,backward,114,1336,1337,0.10051186598417869,0.07746835443037975,0.5309909,6.324555320336759,0.1543033499620919,0.9486832980505138,1.0540925533894598,0.9333333333333333,0.9642857142857143,0.12647319298445445,1.0682017412648852,0.7818903301350147,0.8012192740604649,0.9228588081641547,1.3574601431350306,True,True,True,True,True,True,True,False,False,False,False,100,1350,14,0.8622754491017964,False,False,1.6517186816085248
cup02_indoor_1@1500B,cup02_indoor_1,1500,backward,179,1321,1322,0.18883476957662046,0.04272126390456231,0.7457539,5.0,0.10274936706584831,0.9590430196365091,1.042706092974864,0.8918918918918919,1.03125,0.2731960680005544,1.0302443582044827,0.6755438283964106,0.9016773991095233,0.6685288472324841,1.3021485028528064,True,True,True,True,True,True,True,False,False,False,False,100,1400,79,0.9056603773584906,False,False,1.3509510984944701
cup02_indoor_1@150F,cup02_indoor_1,150,forward,766,916,915,0.2396327467482785,0.028701531668276527,0.59349,11.045361017187261,0.1625548673636599,1.0,1.0,1.0,1.0,0.14922473960025362,1.1178425830697443,0.4701882670531289,0.7532840452468254,0.6133137319726266,0.8710692470783749,True,True,True,True,True,True,True,False,False,False,False,750,900,16,0.8044692737430168,False,False,1.1893368147095797
cup02_indoor_1@1550B,cup02_indoor_1,1550,backward,232,1318,1319,0.8352130325814536,0.0,0.38441184,4.949747468305833,0.08820571238690725,1.0180960318209313,1.0180960318209313,1.0212765957446808,1.0149253731343284,1.0246652791903725,1.0154487339257123,0.0477795104063754,1.1068947640095612,0.134399321386124,0.9315225856236526,True,True,True,True,True,True,True,False,False,False,False,150,1400,82,0.8875471698113208,False,False,1.1035537514561495
cup02_indoor_1@1600B,cup02_indoor_1,1600,backward,279,1321,1322,0.17569546120058566,0.022578397212543556,0.6151798,5.0,0.10274936706584831,0.9590430196365091,1.042706092974864,0.8918918918918919,1.03125,0.40703527608933215,1.1288260069698273,0.6841901124733006,1.029810305064576,0.6808767865084426,1.3096676666946612,True,True,True,True,True,True,True,False,False,False,False,250,1350,29,0.8622754491017964,False,False,1.3762047064079506
cup02_indoor_1@1650B,cup02_indoor_1,1650,backward,29,1621,1622,0.7765625,0.0,0.23241638,0.0,0.0,1.0,1.0,1.0,1.0,1.1816670862266168,1.1083182320477867,0.039445360912082124,1.182821733906686,0.039445360912082124,0.8832913916612184,True,True,True,True,True,True,True,False,False,False,False,0,1650,29,1.0,True,False,1.0797017735718881
cup02_indoor_1@1700B,cup02_indoor_1,1700,backward,36,1664,1665,0.7800891530460624,0.0,0.13929017,1.4142135623730951,0.030556616567607046,1.0032626514091005,1.0032626514091005,0.9607843137254902,1.0476190476190477,1.5375147703510574,1.1062896627491634,0.11221379069706254,1.6574967554485422,0.13628490758183848,1.1152824753794408,True,True,True,True,True,True,True,False,False,False,False,0,1700,36,1.0,True,False,1.3100156494696111
cup02_indoor_1@1752B,cup02_indoor_1,1752,backward,89,1663,1664,0.8822525597269625,0.0,0.10780876,1.118033988749895,0.02407856651654436,1.0119875188975667,1.0119875188975667,0.9795918367346939,1.0454545454545454,1.6106562506724755,1.1729027836970924,0.03442162047857035,1.6294023835701459,0.034766534642270544,1.026656921430802,True,True,True,True,True,True,True,False,False,False,False,50,1702,39,0.8836712913553896,False,False,1.2944978322427425
cup02_indoor_1@200F,cup02_indoor_1,200,forward,716,916,915,0.8267828200972447,0.07967746344130108,0.47806823,11.045361017187261,0.1625548673636599,1.0,1.0,1.0,1.0,0.4873844022998033,1.1600522875109014,0.06646751378576249,0.697417187609521,0.21343073864029274,0.9817138300805155,True,True,True,True,True,True,True,False,False,False,False,700,900,16,0.8044692737430168,False,False,1.1893368147095797
cup02_indoor_1@250F,cup02_indoor_1,250,forward,202,452,451,0.9672131147540983,0.0,0.31756756,1.5811388300841898,0.022493786949414334,0.9978726613195015,1.0021318738983043,0.9836065573770492,1.0123456790123457,1.0510854115413024,1.0215803706979991,0.0023721001827637545,1.0597240524579863,0.024739235515656096,0.9794145627596141,True,True,True,True,True,True,True,False,False,False,False,150,400,52,0.9474984558369364,False,False,1.0253204627247285
cup02_indoor_1@300F,cup02_indoor_1,300,forward,616,916,915,0.28832951945080093,0.03509496284062758,0.58757776,11.045361017187261,0.1625548673636599,1.0,1.0,1.0,1.0,0.18122825017329436,1.1554736355616844,0.4321432460473756,0.7419214041906705,0.5720665986455713,0.9160960190498391,True,True,True,True,True,True,True,False,False,False,False,600,900,16,0.8385894495412844,False,False,1.1893368147095797
cup02_indoor_1@350F,cup02_indoor_1,350,forward,105,455,454,0.9709181553801413,0.0,0.31815824,1.5,0.021619130152100107,1.0060060600071374,1.0060060600071374,1.0,1.0120481927710843,1.0927300076694297,1.032848697107942,0.009625560410466517,1.0985948398058119,0.014093506884998913,0.9851214060670814,True,True,True,True,True,True,True,False,False,False,False,50,400,55,0.9320148331273177,False,False,1.0203066406848684
cup02_indoor_1@400F,cup02_indoor_1,400,forward,146,546,545,0.9811320754716981,0.0,0.3372525,8.73212459828649,0.14545462428108044,0.9712858623572642,1.0295630140987,0.9433962264150944,1.0,0.9786206203706344,1.0637915904505566,0.012422853950391867,1.1096572236911528,0.1532919458732226,0.9873129889920199,True,True,True,True,True,True,True,False,False,False,False,100,500,46,0.8891374596072583,False,False,1.071008320943125
cup02_indoor_1@450F,cup02_indoor_1,450,forward,95,545,544,0.9387362637362637,0.0,0.49027357,10.111874208078342,0.17298528799424662,1.0269987186745677,1.0269987186745677,1.0392156862745099,1.0149253731343284,0.8436813074301358,1.033413355441628,0.023400871177953593,1.001916693975684,0.164244403896673,1.0279988115826901,True,True,True,True,True,True,True,False,False,False,False,50,500,45,0.8891374596072583,False,False,1.0402552405990486
cup02_indoor_1@500F,cup02_indoor_1,500,forward,416,916,915,0.35066864784546803,0.07805676855895197,0.50175357,11.045361017187261,0.1625548673636599,1.0,1.0,1.0,1.0,0.18090533830060737,1.1708877655222716,0.38564760119784947,0.7041676528561085,0.5259664080856384,0.9866634261502781,True,True,True,True,True,True,True,False,False,False,False,400,900,16,0.8151712425700538,False,False,1.1893368147095797
cup02_indoor_1@50F,cup02_indoor_1,50,forward,879,929,928,0.8543027548991764,0.0,0.18635274,1.118033988749895,0.019230769230769232,0.9903379376602871,1.0097563285948026,0.9807692307692307,1.0,1.2470753389538822,1.0064889699014778,0.049433235853156995,1.2735741758805963,0.03141631102304032,0.9596789291380766,True,True,True,True,True,True,True,False,False,False,False,850,900,29,0.8373151308304891,False,False,1.0077822185373186
cup02_indoor_1@550F,cup02_indoor_1,550,forward,366,916,915,0.3584461447910536,0.06412715812551384,0.63644415,11.045361017187261,0.1625548673636599,1.0,1.0,1.0,1.0,0.20409044717723532,1.2185035220460998,0.3842895125215512,0.717845254145438,0.5221697541434879,1.0013331922447057,True,True,True,True,True,True,True,False,False,False,False,350,900,16,0.8200455580865603,False,False,1.1893368147095797
cup02_indoor_1@600F,cup02_indoor_1,600,forward,316,916,915,0.22344827586206897,0.03580773998071891,0.48495093,11.045361017187261,0.1625548673636599,1.0,1.0,1.0,1.0,0.11030957183198976,1.076822649609454,0.49197154855258685,0.7428499550695206,0.6372821915747175,0.8508356531455018,True,True,True,True,True,True,True,False,False,False,False,300,900,16,0.8200455580865603,False,False,1.1893368147095797
cup02_indoor_1@650F,cup02_indoor_1,650,forward,266,916,915,0.22344827586206897,0.02813405047579644,0.56798583,11.045361017187261,0.1625548673636599,1.0,1.0,1.0,1.0,0.13156319970227096,1.0962435028359179,0.48748480685267104,0.7568758137873931,0.6318297835488936,0.8578445364237112,True,True,True,True,True,True,True,False,False,False,False,250,900,16,0.8309290248124639,False,False,1.1893368147095797
cup02_indoor_1@700F,cup02_indoor_1,700,forward,216,916,915,0.29602558245774324,0.02813405047579644,0.6650725,11.045361017187261,0.1625548673636599,1.0,1.0,1.0,1.0,0.18898308529966215,1.16279448582839,0.4323944955833085,0.7495888545441598,0.5715326224647926,0.9150429640013098,True,True,True,True,True,True,True,False,False,False,False,200,900,16,0.8436688779925007,False,False,1.1893368147095797
cup02_indoor_1@750F,cup02_indoor_1,750,forward,166,916,915,0.2889664592502656,0.028701531668276527,0.66446155,11.045361017187261,0.1625548673636599,1.0,1.0,1.0,1.0,0.1818679203942258,1.1737552539579699,0.4318692903362722,0.7464632136633954,0.5737251314926387,0.9148786609831951,True,True,True,True,True,True,True,False,False,False,False,150,900,16,0.8856635071090048,False,False,1.1893368147095797
cup02_indoor_1@800F,cup02_indoor_1,800,forward,116,916,915,0.3273342562682664,0.02827239363871143,0.6624771,11.045361017187261,0.1625548673636599,1.0,1.0,1.0,1.0,0.21899240547048304,1.1613392603592916,0.4029180877369097,0.7497369620263741,0.5420992504123231,0.9289256881617394,True,True,True,True,True,True,True,False,False,False,False,100,900,16,0.861671469740634,False,False,1.1893368147095797
cup02_indoor_1@850F,cup02_indoor_1,850,forward,66,916,915,0.26327980234712783,0.021144278606965175,0.6852593,11.045361017187261,0.1625548673636599,1.0,1.0,1.0,1.0,0.1631487657426667,1.1267132606069423,0.45853842987331916,0.7598700256421486,0.6023047897300192,0.8807076788682686,True,True,True,True,True,True,True,False,False,False,False,50,900,16,0.8373151308304891,False,False,1.1893368147095797
cup02_indoor_1@900B,cup02_indoor_1,900,backward,177,723,724,0.9076406381192276,0.0,0.21878165,0.0,0.0,1.0,1.0,1.0,1.0,1.1220007313509295,1.1455788034335515,0.036931390673086845,1.1439981817491673,0.036931390673086845,0.9782624601881134,True,True,True,True,True,True,True,False,False,False,False,150,750,27,0.8291307232913072,False,False,1.0969488152583526
cup02_indoor_1@958B,cup02_indoor_1,958,backward,48,910,911,0.7536231884057971,0.029452140272057906,0.43982178,9.513148795220223,0.13513213573444227,1.0144238217198172,1.0144238217198172,1.0169491525423728,1.0119047619047619,0.5255100106121967,1.2407266477897698,0.10413813500001913,0.7383994889834795,0.21488211464399515,0.989747415827642,True,True,True,True,True,True,True,False,False,False,False,0,958,48,1.0,True,False,1.2409089702567904
earphone01_indoor_1@1000B,earphone01_indoor_1,1000,backward,465,535,536,0.7766133480419195,0.0,0.30348995,1.8027756377319946,0.025040965857155588,0.9931270663228415,1.0069204977995476,1.0,0.9863013698630136,1.267201147177436,1.0689863123273446,0.07591501392371763,1.3598976506675824,0.09272674471498164,0.9318312432014436,True,True,True,True,True,True,True,False,False,False,False,400,600,65,0.3172664245625619,False,False,1.5806750850001325
earphone01_indoor_1@1084B,earphone01_indoor_1,1084,backward,268,816,817,0.125,0.06868686868686869,0.34398133,6.5,0.16285663940061293,0.9645310522005675,1.0367732565151848,0.9629629629629629,0.9661016949152542,0.5230427442003678,1.0176218914495043,1.9304484774665065,2.4550310275167186,1.9336432209600882,2.822793959170105,True,True,True,True,True,True,True,False,False,False,False,200,884,68,0.9113453192808432,False,False,2.0221446105338092
humans_shirts_room_occ_1_A_2@0F,humans_shirts_room_occ_1_A_2,0,forward,336,336,335,0.6668973435460279,0.0,0.45123202,1.5,0.005133585668579858,0.997378763512518,1.0026281254257416,0.9947643979057592,1.0,0.8404921085560977,1.0869643748566615,0.06946126040935005,0.770646998116062,0.07424603031484873,1.2179627585110835,True,True,True,True,True,True,True,False,False,False,False,300,300,36,0.8891226888870185,False,False,1.0680485279571115
humans_shirts_room_occ_1_A_2@100F,humans_shirts_room_occ_1_A_2,100,forward,404,504,503,0.576128045311453,0.01523600709223825,0.4912619,7.158910531638177,0.022432579252423562,0.9921187010172787,1.007943907291174,0.9903381642512077,0.9939024390243902,0.35357504856565775,1.348791353503898,0.21191100481803363,0.5849063389715802,0.23392024133938283,1.2037183933210232,True,True,True,True,True,True,True,False,False,False,False,350,450,54,0.32020973411505377,False,False,1.0002245256923104
humans_shirts_room_occ_1_A_2@150F,humans_shirts_room_occ_1_A_2,150,forward,352,502,501,0.5197107374134703,0.036857265361316636,0.50340843,7.158910531638177,0.022106883004584733,0.9922410619603933,1.0078196099083798,0.990521327014218,0.993963782696177,0.2941490757153924,1.369468215245903,0.2616596421374928,0.5750025117789248,0.28304011372173987,1.236885195415436,True,True,True,True,True,True,True,False,False,False,False,300,450,52,0.31236679878106965,False,False,1.0150858099672198
humans_shirts_room_occ_1_A_2@50F,humans_shirts_room_occ_1_A_2,50,forward,460,510,509,0.6873600774490228,0.0,0.549082,6.020797289396148,0.018771139549147282,1.003643282084518,1.003643282084518,1.0093896713615023,0.9979296066252588,0.6433707746437609,1.4028770320236081,0.059894855536284826,0.6020008063635567,0.041991456067450535,1.199670090255333,True,True,True,True,True,True,True,False,False,False,False,450,500,10,0.5494620139829651,False,False,1.013752772132758
humans_shirts_room_occ_1_A_2@550B,humans_shirts_room_occ_1_A_2,550,backward,369,181,182,0.7773083886541944,0.0,0.53995603,3.0413812651491097,0.009105238185158475,1.005483607170803,1.005483607170803,1.0173160173160174,0.9937888198757764,0.8731684390362388,1.006106034066069,0.07032283712424316,0.9326381408530627,0.062175066669423774,0.906596627296579,True,True,True,True,True,True,True,False,False,False,False,350,200,19,0.8142216272639623,False,False,1.0284140749472759
humans_shirts_room_occ_1_A_2@564B,humans_shirts_room_occ_1_A_2,564,backward,387,177,178,0.8900930579822812,0.0,0.5410998,0.0,0.0,1.0040733366174617,1.0040733366174617,1.0081632653061225,1.0,0.8176254893445218,1.132292066846872,0.021008941102444348,0.8210752793980174,0.021008941102444348,1.0492466176969506,True,True,True,True,True,True,True,False,False,False,False,350,214,37,0.8411489820594098,False,False,1.0640591126052166
shoes02_indoor_1@0F,shoes02_indoor_1,0,forward,57,57,56,0.8779177855814915,0.0,0.15174238,23.71181140275875,0.2534899265397796,0.985378824905137,1.0148381259321972,0.944,1.0285714285714285,1.344019750699685,1.274051438083272,0.04278724528916188,1.195904691084069,0.24600856780878133,1.0382465592420966,True,True,True,True,True,True,True,False,False,False,False,50,50,7,0.9324796274738067,False,False,1.3186872145691613
shoes02_indoor_1@100F,shoes02_indoor_1,100,forward,62,162,161,0.7940532081377152,0.0,0.07701844,6.96419413859206,0.13040556007385848,1.029883093625565,1.029883093625565,0.8870967741935484,1.1956521739130435,1.4195198552580144,1.12084269828788,0.07751525286891046,1.3967442749232328,0.05290771988391256,1.0050199845816037,True,True,True,True,True,True,True,False,False,False,False,0,100,62,1.0,True,False,1.1143562354005232
shoes02_indoor_1@150F,shoes02_indoor_1,150,forward,58,208,207,0.8415089309517462,0.0,0.48118424,13.341664064126334,0.1187345494629904,0.8925302064868872,1.1204102592069434,0.7966101694915254,1.0,1.1643174958886156,1.332666471917325,0.007564940315786825,1.2724258461397087,0.1112438952843207,1.0919283344283675,True,True,True,True,True,True,True,False,False,False,False,0,150,58,1.0,True,False,1.6827489842944918
shoes02_indoor_1@200F,shoes02_indoor_1,200,forward,8,208,207,0.8016507936507936,0.0,0.3543046,13.341664064126334,0.1187345494629904,0.8925302064868872,1.1204102592069434,0.7966101694915254,1.0,1.1245023743639468,1.361548417508344,0.023887907913391727,1.260720421808915,0.13728786977690777,1.114731326742444,True,True,True,True,True,True,True,False,False,False,False,0,200,8,1.0,True,False,1.357995243649566
shoes02_indoor_1@250F,shoes02_indoor_1,250,forward,4,254,253,0.7146874324032014,0.0013858413211687262,0.19770671,18.828170383762732,0.32755791680554064,0.5899686042453085,1.6950054508056513,0.44642857142857145,0.7796610169491526,1.7029944756056659,1.271117043621501,0.0781617098965362,1.395674048936723,0.3115588189626559,1.1854150461732407,True,True,True,True,True,True,True,False,False,False,False,0,250,4,1.0,True,False,3.625993117334411
shoes02_indoor_1@350B,shoes02_indoor_1,350,backward,94,256,257,0.6153528114663727,0.059856965174129355,0.5054938,14.430869689661812,0.20023571015840683,0.8269619091771281,1.2092455394893027,0.7551020408163265,0.9056603773584906,0.7885161765560615,1.249573911919634,0.1656263099199256,0.8503494601879941,0.20379052651992663,1.117857620046158,True,True,True,True,True,True,True,False,False,False,False,50,300,44,0.8218949708252292,False,False,1.2905582282642425
shoes02_indoor_1@400B,shoes02_indoor_1,400,backward,68,332,333,0.8016782886183667,0.025238842150292314,0.23997453,0.7071067811865476,0.008232195521312127,0.9877262497694388,1.0124262671296083,0.9915966386554622,0.9838709677419355,1.2459614454526993,1.0455465219835711,0.03812154741984268,1.2778381107477217,0.03900408590039445,1.0367085199867092,True,True,True,True,True,True,True,False,False,False,False,0,400,68,1.0,True,False,1.3918350401916555
shoes02_indoor_1@450B,shoes02_indoor_1,450,backward,126,324,325,0.8207925758715826,0.02786861936584672,0.2247044,0.5,0.0058685607699333646,1.0081634007555278,1.0081634007555278,1.0,1.0163934426229508,1.2524955563635214,1.0129674568244529,0.06693882825257302,1.3089274491327598,0.06421179451011379,0.9999238868671622,True,True,True,True,True,True,True,False,False,False,False,50,400,76,0.9483070920997632,False,False,1.3747520045462
shoes02_indoor_1@500B,shoes02_indoor_1,500,backward,224,276,277,0.8212694877505567,0.016675056632267808,0.245831,1.5,0.01944611170656493,1.0381787543821248,1.0381787543821248,1.0168067226890756,1.06,1.401840200341189,1.1674972349667303,0.05099425910555432,1.4445784490934586,0.04337445915041826,1.093250386990513,True,True,True,True,True,True,True,False,False,False,False,100,400,124,0.9423885618166526,False,False,1.4745620995099145
shoes02_indoor_1@50F,shoes02_indoor_1,50,forward,7,57,56,0.8899591665794158,0.0,0.16145383,23.71181140275875,0.2534899265397796,0.985378824905137,1.0148381259321972,0.944,1.0285714285714285,1.3428593628050802,1.2785569107495462,0.03357725260832663,1.1993611261275774,0.24874970220982298,1.031655343592629,True,True,True,True,True,True,True,False,False,False,False,0,50,7,1.0,True,False,1.3186872145691613
shoes02_indoor_1@550B,shoes02_indoor_1,550,backward,274,276,277,0.8355756974932729,0.01679340937896071,0.24096379,1.5,0.01944611170656493,1.0381787543821248,1.0381787543821248,1.0168067226890756,1.06,1.4030813931896424,1.1673952978045812,0.05003254814931734,1.4425276907017834,0.0408139107810275,1.0879813854779963,True,True,True,True,True,True,True,False,False,False,False,150,400,124,0.9200498822225301,False,False,1.4745620995099145
shoes02_indoor_1@613B,shoes02_indoor_1,613,backward,311,302,303,0.7686138216815934,0.018570102135561744,0.18840571,1.8027756377319946,0.023570226039551584,1.0347797982030915,1.0347797982030915,0.9914529914529915,1.08,1.4231874219360376,1.0351259570629043,0.05406466224362301,1.4538462770196876,0.03166333404201129,1.1252836414822396,True,True,True,True,True,True,True,False,False,False,False,250,363,61,0.9268233583716986,False,False,1.3714033419956295
shoes02_indoor_2@100B,shoes02_indoor_2,100,backward,63,37,38,0.851894374282434,0.051140323472158807,0.26095766,13.209844813622906,0.08983171672017529,1.011975098361631,1.011975098361631,1.0141509433962264,1.0098039215686274,1.2109418470533009,1.0454330749659164,0.046582302440915886,1.1552056990142914,0.059253703542655856,1.0430358218551248,True,True,True,True,True,True,True,False,False,False,False,50,50,13,0.9121697524443519,False,False,1.0050275007787879
shoes02_indoor_2@110B,shoes02_indoor_2,110,backward,73,37,38,0.88,0.051140323472158807,0.26556796,13.209844813622906,0.08983171672017529,1.011975098361631,1.011975098361631,1.0141509433962264,1.0098039215686274,1.211054838172904,1.03805398974698,0.040507114627766086,1.1564107129460532,0.060606981049901025,1.037589600612984,True,True,True,True,True,True,True,False,False,False,False,50,60,23,0.9236942564636474,False,False,1.0198103499481934
toy09_indoor_1@0F,toy09_indoor_1,0,forward,1048,1048,1047,0.7408280040390441,0.0,0.16902275,1.5811388300841898,0.030633942587241992,0.979328384191985,1.0211079512671029,0.9722222222222222,0.9864864864864865,1.3495575242281344,1.4204230329851446,0.09675326191214535,1.4147784045652207,0.12578744410554676,0.9725019819202274,True,True,True,True,True,True,True,False,False,False,False,1000,1000,48,0.944264653002517,False,False,1.4754348591121758
toy09_indoor_1@1000B,toy09_indoor_1,1000,backward,746,254,255,0.13743890518084068,0.09765377298668358,0.8059683,8.077747210701755,0.17308575240599788,0.8790490729915326,1.137592917989042,1.0,0.7727272727272727,0.010364117545386057,1.0185070950267112,0.9629875962443489,1.0818962941150352,1.0921346050224428,1.291526141135209,True,True,True,True,True,True,True,False,False,False,False,700,300,46,0.8279397628965075,False,False,1.3468565546220803
toy09_indoor_1@100F,toy09_indoor_1,100,forward,130,230,229,0.6289104638619202,0.018086816720257234,0.2807497,4.031128874149275,0.08840960251159269,0.7306918186968662,1.368566027991698,0.9090909090909091,0.5873015873015873,1.2334389415537796,1.2692042636783523,0.18681818138401704,1.3012420118886516,0.14200448540200752,1.087911868468887,True,True,True,True,True,True,True,False,False,False,False,50,150,80,0.8902275769745649,False,False,2.4262082529095657
toy09_indoor_1@1050B,toy09_indoor_1,1050,backward,58,992,993,0.8399791955617198,0.0,0.17253587,0.0,0.0,1.0,1.0,1.0,1.0,1.4293416062732072,1.3446018937245559,0.04793230682569744,1.458414154925143,0.04793230682569744,0.9167675213563544,True,True,True,True,True,True,True,False,False,False,False,0,1050,58,1.0,True,False,1.505162626628816
toy09_indoor_1@1100B,toy09_indoor_1,1100,backward,85,1015,1016,0.782991202346041,0.0,0.19743177,24.166091947189145,0.3470764270367846,1.1314218981225153,1.1314218981225153,1.2083333333333333,1.0594059405940595,1.4258721344227727,1.2606284633827594,0.10028379915944272,1.6860453855888766,0.2798423218303571,0.9423258889123439,True,True,True,True,True,True,True,False,False,False,False,0,1100,85,1.0,True,False,1.6860832645750816
toy09_indoor_1@1250B,toy09_indoor_1,1250,backward,68,1182,1183,0.7858880778588808,0.0,0.11580124,2.0,0.10341753799900383,1.0,1.0,1.0,1.0,1.5235393373292683,1.228306666052586,0.09098982993373964,1.513558945659009,0.020800568901853313,0.9926259783384044,True,True,True,True,True,True,True,False,False,False,False,0,1250,68,1.0,True,False,3.634357735519802
toy09_indoor_1@1300B,toy09_indoor_1,1300,backward,118,1182,1183,0.8252427184466019,0.0,0.11751973,2.0,0.10341753799900383,1.0,1.0,1.0,1.0,1.527102921036261,1.2771238850584898,0.07349770672132099,1.5256963836747486,0.03277296824159486,1.0055911170640626,True,True,True,True,True,True,True,False,False,False,False,50,1250,68,0.9112149532710281,False,False,3.634357735519802
toy09_indoor_1@1338B,toy09_indoor_1,1338,backward,154,1184,1185,0.7917888563049853,0.0,0.15056917,1.8027756377319946,0.10622957319984969,1.1395661942647786,1.1395661942647786,1.0625,1.2222222222222223,1.6712437379756213,1.2391348564926423,0.09071262449531475,1.8569041266214132,0.18594523202675287,1.0702386845275695,True,True,True,True,True,True,True,False,False,False,False,100,1238,54,0.9199718375968082,False,False,3.3558951243388844
toy09_indoor_1@150F,toy09_indoor_1,150,forward,80,230,229,0.5189061444969615,0.0,0.27619562,4.031128874149275,0.08840960251159269,0.7306918186968662,1.368566027991698,0.9090909090909091,0.5873015873015873,1.2688568105457176,1.218749116730827,0.25508427230373787,1.3407006224000153,0.22774801471895748,1.081829145502576,True,True,True,True,True,True,True,False,False,False,False,0,150,80,1.0,True,False,2.4262082529095657
toy09_indoor_1@200F,toy09_indoor_1,200,forward,847,1047,1046,0.621680216802168,0.0,0.1745502,5.5901699437494745,0.0920262717290388,0.8496771266264587,1.1769176416109732,0.8780487804878049,0.8222222222222222,1.1618459951351128,1.4699494311813992,0.08951302168742091,1.1333947420797041,0.02920123585524017,0.7873613380798122,True,True,True,True,True,True,True,False,False,False,False,800,1000,47,0.9349154980222941,False,False,1.444935236554856
toy09_indoor_1@250F,toy09_indoor_1,250,forward,798,1048,1047,0.8599348534201955,0.0,0.16197015,1.5811388300841898,0.030633942587241992,0.979328384191985,1.0211079512671029,0.9722222222222222,0.9864864864864865,1.3693242572265274,1.4750486390617028,0.06509911589617573,1.4171840308596895,0.09459820170833348,0.9622164832781178,True,True,True,True,True,True,True,False,False,False,False,750,1000,48,0.9261057173678533,False,False,1.4754348591121758
toy09_indoor_1@300F,toy09_indoor_1,300,forward,748,1048,1047,0.7987998588069185,0.0,0.16111472,1.5811388300841898,0.030633942587241992,0.979328384191985,1.0211079512671029,0.9722222222222222,0.9864864864864865,1.3657726555675047,1.4765003259026386,0.059928270128848375,1.4248171363420188,0.08587634552630756,0.9594503822181983,True,True,True,True,True,True,True,False,False,False,False,700,1000,48,0.9352750809061489,False,False,1.4754348591121758
toy09_indoor_1@350F,toy09_indoor_1,350,forward,698,1048,1047,0.8461538461538461,0.0,0.1573616,1.5811388300841898,0.030633942587241992,0.979328384191985,1.0211079512671029,0.9722222222222222,0.9864864864864865,1.3711157532239244,1.471848026924633,0.0627799624639696,1.4155374045950864,0.09251711789240388,0.9461621262739216,True,True,True,True,True,True,True,False,False,False,False,650,1000,48,0.9169363538295577,False,False,1.4754348591121758
toy09_indoor_1@400F,toy09_indoor_1,400,forward,648,1048,1047,0.7971428571428572,0.0,0.16378315,1.5811388300841898,0.030633942587241992,0.979328384191985,1.0211079512671029,0.9722222222222222,0.9864864864864865,1.3553561992515968,1.4877150896608369,0.05984588842245703,1.4129164607444835,0.08644048050729625,0.9465857624835322,True,True,True,True,True,True,True,False,False,False,False,600,1000,48,0.8985976267529665,False,False,1.4754348591121758
toy09_indoor_1@450F,toy09_indoor_1,450,forward,233,683,682,0.7902015013828526,0.0,0.20124702,1.118033988749895,0.015839925874389125,1.0132601373692411,1.0132601373692411,1.0377358490566038,0.9893617021276596,1.335624409960865,1.1110274549757988,0.035521437378228486,1.351116690292414,0.03084693152959214,0.904906022277938,True,True,True,True,True,True,True,False,False,False,False,200,650,33,0.9032006245120999,False,False,1.1018512814052135
toy09_indoor_1@500F,toy09_indoor_1,500,forward,548,1048,1047,0.8049620951068229,0.0,0.15859465,1.5811388300841898,0.030633942587241992,0.979328384191985,1.0211079512671029,0.9722222222222222,0.9864864864864865,1.3884038842487962,1.4579861212857772,0.06860587300619776,1.4432349533893187,0.09724748913327828,0.9873518036855413,True,True,True,True,True,True,True,False,False,False,False,500,1000,48,0.9352750809061489,False,False,1.4754348591121758
toy09_indoor_1@50F,toy09_indoor_1,50,forward,180,230,229,0.5602350636630754,0.016841317365269462,0.27022985,4.031128874149275,0.08840960251159269,0.7306918186968662,1.368566027991698,0.9090909090909091,0.5873015873015873,1.2644628223535972,1.2597879853325213,0.23215558772545897,1.392611549475694,0.16744873715350334,1.1472144829398878,True,True,True,True,True,True,True,False,False,False,False,100,150,80,0.8995983935742972,False,False,2.4262082529095657
toy09_indoor_1@550F,toy09_indoor_1,550,forward,167,717,716,0.8048289738430584,0.0,0.27683997,0.0,0.0,1.0,1.0,1.0,1.0,1.2697819182717138,1.4149578947179409,0.0400277443423706,1.3097565871943118,0.0400277443423706,0.9141529454326308,True,True,True,True,True,True,True,False,False,False,False,100,650,67,0.8908134859263842,False,False,1.3428089545805622
toy09_indoor_1@600F,toy09_indoor_1,600,forward,448,1048,1047,0.7971428571428572,0.0,0.16411357,1.5811388300841898,0.030633942587241992,0.979328384191985,1.0211079512671029,0.9722222222222222,0.9864864864864865,1.3630544612182898,1.4733966090635788,0.06737600725278899,1.4226733221514616,0.09493372108606722,0.9527468206143987,True,True,True,True,True,True,True,False,False,False,False,400,1000,48,0.9095885573017836,False,False,1.4754348591121758
toy09_indoor_1@650F,toy09_indoor_1,650,forward,64,714,713,0.8839747271682941,0.0,0.2552744,0.0,0.0,1.0,1.0,1.0,1.0,1.3067473419784863,1.3793779402040784,0.016880466460690233,1.3003803584392024,0.016880466460690233,0.9485620982928388,True,True,True,True,True,True,True,False,False,False,False,0,650,64,1.0,True,False,1.3428089545805622
toy09_indoor_1@700B,toy09_indoor_1,700,backward,467,233,234,0.8878248974008208,0.015373352855051245,0.30721235,7.211102550927978,0.15965649400644927,0.5739440431835514,1.742330131092924,0.7058823529411765,0.4666666666666667,0.8182696179286205,1.5194647939706492,0.0344673030584695,0.7112993361417503,0.1629606030457931,1.0119578189475797,True,True,True,True,True,True,True,False,False,False,False,400,300,67,0.806151874399231,False,False,2.1314677482675553
toy09_indoor_1@750B,toy09_indoor_1,750,backward,496,254,255,0.1256241262232874,0.09826960051271096,0.83259654,8.077747210701755,0.17308575240599788,0.8790490729915326,1.137592917989042,1.0,0.7727272727272727,0.018853905196365615,1.0041765587918285,0.973490776003276,1.0824941788924403,1.101257087646031,1.2672434961495183,True,True,True,True,True,True,True,False,False,False,False,450,300,46,0.806151874399231,False,False,1.3468565546220803
toy09_indoor_1@800B,toy09_indoor_1,800,backward,546,254,255,0.14057632398753894,0.09907387465001077,0.8177197,8.077747210701755,0.17308575240599788,0.8790490729915326,1.137592917989042,1.0,0.7727272727272727,0.009027224946126428,1.023331695520719,0.9525043300671633,1.0736605932958028,1.0809869050606635,1.292441386669022,True,True,True,True,True,True,True,False,False,False,False,500,300,46,0.794551282051282,False,False,1.3468565546220803
toy09_indoor_1@850B,toy09_indoor_1,850,backward,617,233,234,0.8996350364963503,0.08945686900958466,0.25869724,7.211102550927978,0.15965649400644927,0.5739440431835514,1.742330131092924,0.7058823529411765,0.4666666666666667,0.6566665976609639,1.2603852108202254,0.02705220731543352,0.515097154122313,0.15741563125349325,1.0270758719549424,True,True,True,True,True,True,True,False,False,False,False,550,300,67,0.8279397628965075,False,False,2.1314677482675553
toy09_indoor_1@900B,toy09_indoor_1,900,backward,667,233,234,0.9143117593436645,0.05194805194805195,0.26908547,7.211102550927978,0.15965649400644927,0.5739440431835514,1.742330131092924,0.7058823529411765,0.4666666666666667,0.7249148712007001,1.5085641951405038,0.03594174954742661,0.6153775828440524,0.1563131272130407,1.0314749087539046,True,True,True,True,True,True,True,False,False,False,False,600,300,67,0.8279397628965075,False,False,2.1314677482675553
toy09_indoor_1@950B,toy09_indoor_1,950,backward,717,233,234,0.8996350364963503,0.03139013452914798,0.29482806,7.211102550927978,0.15965649400644927,0.5739440431835514,1.742330131092924,0.7058823529411765,0.4666666666666667,0.7864875913550116,1.5096399634846138,0.041468783614353806,0.6820031830812643,0.1509909505972768,1.020127217221479,True,True,True,True,True,True,True,False,False,False,False,650,300,67,0.849727651393784,False,False,2.1314677482675553
two_tennis_balls_3@0F,two_tennis_balls_3,0,forward,109,109,108,0.30284301606922126,0.0,0.06640195,115.08800980119518,2.3017601960239036,0.9899494936611666,1.0101525445522106,0.98,1.0,1.1009172499898574,1.3331906734805703,0.43161458862286267,2.641638579946323,2.729851932940785,0.8344637543842698,False,False,False,False,True,False,False,False,False,False,False,0,0,109,1.0,True,False,1.1123730207865243
two_tennis_balls_3@129B,two_tennis_balls_3,129,backward,48,81,82,0.8689492325855962,0.0,0.07299646,100.06123125366787,2.0437690851525065,1.0109950405656765,1.0109950405656765,0.9803921568627451,1.0425531914893618,0.9321872070012615,1.0453855627595405,0.04738729157508945,2.9001999217420797,1.9994109066872674,0.9843501167777969,False,False,False,False,True,True,True,True,False,True,False,0,129,48,1.0,True,False,1.0314212462587935
two_tennis_balls_3@50F,two_tennis_balls_3,50,forward,46,96,95,0.47359337245426303,0.0,0.043824296,111.0,2.116686948125215,0.9434944717282758,1.0598896230607673,0.96,0.9272727272727272,0.2913411279517852,1.0823131895430629,0.29462616417024207,2.2589056845937354,2.4113118120559642,0.7488299864337831,False,False,False,False,True,False,False,False,False,False,False,0,50,46,1.0,True,False,1.21291131009396
yogurt_indoor_1@1000B,yogurt_indoor_1,1000,backward,201,799,800,0.8034433285509326,0.0,0.09291823,0.0,0.0,1.0,1.0,1.0,1.0,1.6057289281640714,1.2245535787253057,0.08669760570205912,1.5259017605735146,0.08669760570205912,1.0643462910861337,True,True,True,True,True,True,True,False,False,False,False,100,900,101,0.8177150192554558,False,False,1.0982172285486513
yogurt_indoor_1@900B,yogurt_indoor_1,900,backward,101,799,800,0.8228571428571428,0.0,0.11416829,0.0,0.0,1.0,1.0,1.0,1.0,1.59268853889899,1.2451878092652384,0.08009429712630718,1.52140770717596,0.08009429712630718,1.0789683086733466,True,True,True,True,True,True,True,False,False,False,False,0,900,101,1.0,True,False,1.0982172285486513
